{"data": [{"ObjectIdentifier": "S-1-5-21-2915764185-4093010455-2566636843", "Properties": {"name": "ESSOS.LOCAL", "domain": "ESSOS.LOCAL", "domainsid": "S-1-5-21-2915764185-4093010455-2566636843", "distinguishedname": "DC=ESSOS,DC=LOCAL", "description": "", "functionallevel": "2016", "highvalue": true, "isaclprotected": false, "collected": true, "whencreated": 1748976773}, "Trusts": [{"TargetDomainName": "SEVENKINGDOMS.LOCAL", "TargetDomainSid": "S-1-5-21-3349808549-1103713970-3947480754", "IsTransitive": true, "TrustDirection": "Bidirectional", "TrustType": "Forest", "SidFilteringEnabled": true}], "Aces": [{"RightName": "Owns", "IsInherited": false, "PrincipalSID": "ESSOS.LOCAL-S-1-5-32-544", "PrincipalType": "Group"}, {"RightName": "GetChanges", "IsInherited": false, "PrincipalSID": "S-1-5-21-2915764185-4093010455-2566636843-498", "PrincipalType": "Group"}, {"RightName": "GetChangesAll", "IsInherited": false, "PrincipalSID": "S-1-5-21-2915764185-4093010455-2566636843-516", "PrincipalType": "Group"}, {"RightName": "GetChangesInFilteredSet", "IsInherited": false, "PrincipalSID": "ESSOS.LOCAL-S-1-5-32-544", "PrincipalType": "Group"}, {"RightName": "GetChanges", "IsInherited": false, "PrincipalSID": "ESSOS.LOCAL-S-1-5-32-544", "PrincipalType": "Group"}, {"RightName": "GetChangesAll", "IsInherited": false, "PrincipalSID": "ESSOS.LOCAL-S-1-5-32-544", "PrincipalType": "Group"}, {"RightName": "GetChangesInFilteredSet", "IsInherited": false, "PrincipalSID": "ESSOS.LOCAL-S-1-5-9", "PrincipalType": "Group"}, {"RightName": "GetChanges", "IsInherited": false, "PrincipalSID": "ESSOS.LOCAL-S-1-5-9", "PrincipalType": "Group"}, {"RightName": "WriteOwner", "IsInherited": false, "PrincipalSID": "S-1-5-21-2915764185-4093010455-2566636843-512", "PrincipalType": "Group"}, {"RightName": "AllExtendedRights", "IsInherited": false, "PrincipalSID": "S-1-5-21-2915764185-4093010455-2566636843-512", "PrincipalType": "Group"}, {"RightName": "WriteDacl", "IsInherited": false, "PrincipalSID": "S-1-5-21-2915764185-4093010455-2566636843-512", "PrincipalType": "Group"}, {"RightName": "GenericAll", "IsInherited": false, "PrincipalSID": "S-1-5-21-2915764185-4093010455-2566636843-519", "PrincipalType": "Group"}, {"RightName": "WriteOwner", "IsInherited": false, "PrincipalSID": "ESSOS.LOCAL-S-1-5-32-544", "PrincipalType": "Group"}, {"RightName": "AllExtendedRights", "IsInherited": false, "PrincipalSID": "ESSOS.LOCAL-S-1-5-32-544", "PrincipalType": "Group"}, {"RightName": "WriteDacl", "IsInherited": false, "PrincipalSID": "ESSOS.LOCAL-S-1-5-32-544", "PrincipalType": "Group"}], "Links": [{"IsEnforced": false, "GUID": "7123E77A-5664-48F9-9B03-1B395313F29A"}], "ChildObjects": [{"ObjectIdentifier": "2983A1E0-2571-4592-9BF1-0A91B9E35CD4", "ObjectType": "Container"}, {"ObjectIdentifier": "A552CB22-44C6-4266-AD2A-9AA1C3119B0D", "ObjectType": "Container"}, {"ObjectIdentifier": "FEA347E3-4252-4243-9258-7994CA0AD7F7", "ObjectType": "OU"}, {"ObjectIdentifier": "6A970052-E56C-4961-9346-2A128597587C", "ObjectType": "Container"}, {"ObjectIdentifier": "55DEEC22-CA4D-4C01-9649-80BC6C576EE4", "ObjectType": "OU"}, {"ObjectIdentifier": "E73F58ED-D962-4F86-A3DC-4201FE66E331", "ObjectType": "Container"}], "GPOChanges": {"AffectedComputers": [], "DcomUsers": [], "LocalAdmins": [], "PSRemoteUsers": [], "RemoteDesktopUsers": []}, "IsDeleted": false, "IsACLProtected": false}], "meta": {"type": "domains", "count": 1, "version": 6}}