{"data":[{"ObjectIdentifier": "S-1-5-21-2915764185-4093010455-2566636843-1001", "AllowedToAct": [], "PrimaryGroupSID": "S-1-5-21-2915764185-4093010455-2566636843-516", "ContainedBy": null, "DumpSMSAPassword": [], "Properties": {"name": "MEEREEN.ESSOS.LOCAL", "domainsid": "S-1-5-21-2915764185-4093010455-2566636843", "domain": "ESSOS.LOCAL", "highvalue": false, "distinguishedname": "CN=MEEREEN,OU=DOMAIN CONTROLLERS,DC=ESSOS,DC=LOCAL", "unconstraineddelegation": true, "enabled": true, "trustedtoauth": false, "samaccountname": "MEEREEN$", "haslaps": false, "lastlogon": 1759211832, "lastlogontimestamp": 1758723017, "pwdlastset": 1758722999, "whencreated": 1748977102, "serviceprincipalnames": ["TERMSRV/MEEREEN", "TERMSRV/meereen.essos.local", "Dfsr-12F9A27C-BF97-4787-9364-D31B6C55EB04/meereen.essos.local", "ldap/meereen.essos.local/ForestDnsZones.essos.local", "ldap/meereen.essos.local/DomainDnsZones.essos.local", "DNS/meereen.essos.local", "GC/meereen.essos.local/essos.local", "RestrictedKrbHost/meereen.essos.local", "RestrictedKrbHost/MEEREEN", "RPC/92535170-cb55-4291-9964-8346b077e780._msdcs.essos.local", "HOST/MEEREEN/ESSOS", "HOST/meereen.essos.local/ESSOS", "HOST/MEEREEN", "HOST/meereen.essos.local", "HOST/meereen.essos.local/essos.local", "E3514235-4B06-11D1-AB04-00C04FC2DCD2/92535170-cb55-4291-9964-8346b077e780/essos.local", "ldap/MEEREEN/ESSOS", "ldap/92535170-cb55-4291-9964-8346b077e780._msdcs.essos.local", "ldap/meereen.essos.local/ESSOS", "ldap/MEEREEN", "ldap/meereen.essos.local", "ldap/meereen.essos.local/essos.local"], "description": null, "operatingsystem": "Windows Server 2016 Standard Evaluation", "sidhistory": [], "isaclprotected": false}, "LocalGroups": [], "UserRights": [], "AllowedToDelegate": [], "Sessions": {"Collected": true, "FailureReason": null, "Results": []}, "PrivilegedSessions": {"Collected": false, "FailureReason": null, "Results": []}, "RegistrySessions": {"Collected": false, "FailureReason": null, "Results": []}, "Aces": [{"RightName": "Owns", "IsInherited": false, "PrincipalSID": "S-1-5-21-2915764185-4093010455-2566636843-512", "PrincipalType": "Group"}, {"RightName": "GenericAll", "IsInherited": false, "PrincipalSID": "S-1-5-21-2915764185-4093010455-2566636843-512", "PrincipalType": "Group"}, {"RightName": "AddKeyCredentialLink", "IsInherited": true, "PrincipalSID": "S-1-5-21-2915764185-4093010455-2566636843-526", "PrincipalType": "Group"}, {"RightName": "AddKeyCredentialLink", "IsInherited": true, "PrincipalSID": "S-1-5-21-2915764185-4093010455-2566636843-527", "PrincipalType": "Group"}, {"RightName": "GenericAll", "IsInherited": true, "PrincipalSID": "S-1-5-21-2915764185-4093010455-2566636843-519", "PrincipalType": "Group"}, {"RightName": "GenericWrite", "IsInherited": true, "PrincipalSID": "ESSOS.LOCAL-S-1-5-32-544", "PrincipalType": "Group"}, {"RightName": "WriteOwner", "IsInherited": true, "PrincipalSID": "ESSOS.LOCAL-S-1-5-32-544", "PrincipalType": "Group"}, {"RightName": "WriteDacl", "IsInherited": true, "PrincipalSID": "ESSOS.LOCAL-S-1-5-32-544", "PrincipalType": "Group"}], "HasSIDHistory": [], "IsDeleted": false, "Status": null, "IsACLProtected": false},{"ObjectIdentifier": "S-1-5-21-2915764185-4093010455-2566636843-1104", "AllowedToAct": [], "PrimaryGroupSID": "S-1-5-21-2915764185-4093010455-2566636843-515", "ContainedBy": null, "DumpSMSAPassword": [], "Properties": {"name": "BRAAVOS.ESSOS.LOCAL", "domainsid": "S-1-5-21-2915764185-4093010455-2566636843", "domain": "ESSOS.LOCAL", "highvalue": false, "distinguishedname": "CN=BRAAVOS,OU=LAPS,DC=ESSOS,DC=LOCAL", "unconstraineddelegation": false, "enabled": true, "trustedtoauth": false, "samaccountname": "BRAAVOS$", "haslaps": true, "lastlogon": 1758876868, "lastlogontimestamp": 1758723659, "pwdlastset": 1758723659, "whencreated": 1748978714, "serviceprincipalnames": ["WSMAN/braavos", "WSMAN/braavos.essos.local", "TERMSRV/BRAAVOS", "TERMSRV/braavos.essos.local", "RestrictedKrbHost/BRAAVOS", "HOST/BRAAVOS", "RestrictedKrbHost/braavos.essos.local", "HOST/braavos.essos.local"], "description": null, "operatingsystem": "Windows Server 2016 Standard Evaluation", "sidhistory": [], "isaclprotected": false}, "LocalGroups": [], "UserRights": [], "AllowedToDelegate": [], "Sessions": {"Collected": false, "FailureReason": null, "Results": []}, "PrivilegedSessions": {"Collected": false, "FailureReason": null, "Results": []}, "RegistrySessions": {"Collected": false, "FailureReason": null, "Results": []}, "Aces": [{"RightName": "Owns", "IsInherited": false, "PrincipalSID": "S-1-5-21-2915764185-4093010455-2566636843-512", "PrincipalType": "Group"}, {"RightName": "GenericWrite", "IsInherited": false, "PrincipalSID": "S-1-5-21-2915764185-4093010455-2566636843-1111", "PrincipalType": "Group"}, {"RightName": "GenericAll", "IsInherited": false, "PrincipalSID": "S-1-5-21-2915764185-4093010455-2566636843-512", "PrincipalType": "Group"}, {"RightName": "GenericAll", "IsInherited": false, "PrincipalSID": "ESSOS.LOCAL-S-1-5-32-548", "PrincipalType": "Group"}, {"RightName": "ReadLAPSPassword", "IsInherited": true, "PrincipalSID": "S-1-5-21-2915764185-4093010455-2566636843-1112", "PrincipalType": "Group"}, {"RightName": "ReadLAPSPassword", "IsInherited": true, "PrincipalSID": "S-1-5-21-2915764185-4093010455-2566636843-1116", "PrincipalType": "User"}, {"RightName": "AddKeyCredentialLink", "IsInherited": true, "PrincipalSID": "S-1-5-21-2915764185-4093010455-2566636843-526", "PrincipalType": "Group"}, {"RightName": "AddKeyCredentialLink", "IsInherited": true, "PrincipalSID": "S-1-5-21-2915764185-4093010455-2566636843-527", "PrincipalType": "Group"}, {"RightName": "GenericAll", "IsInherited": true, "PrincipalSID": "S-1-5-21-2915764185-4093010455-2566636843-519", "PrincipalType": "Group"}, {"RightName": "GenericWrite", "IsInherited": true, "PrincipalSID": "ESSOS.LOCAL-S-1-5-32-544", "PrincipalType": "Group"}, {"RightName": "WriteOwner", "IsInherited": true, "PrincipalSID": "ESSOS.LOCAL-S-1-5-32-544", "PrincipalType": "Group"}, {"RightName": "WriteDacl", "IsInherited": true, "PrincipalSID": "ESSOS.LOCAL-S-1-5-32-544", "PrincipalType": "Group"}], "HasSIDHistory": [], "IsDeleted": false, "Status": null, "IsACLProtected": false}],"meta":{"methods":0,"type":"computers","count":2, "version":6}}