{"data":[{"ObjectIdentifier": "S-1-5-21-2915764185-4093010455-2566636843-1112", "Properties": {"domain": "ESSOS.LOCAL", "domainsid": "S-1-5-21-2915764185-4093010455-2566636843", "highvalue": false, "name": "SPYS@ESSOS.LOCAL", "distinguishedname": "CN=SPYS,CN=USERS,DC=ESSOS,DC=LOCAL", "admincount": false, "description": null, "samaccountname": "Spys", "whencreated": 1748979056, "isaclprotected": false}, "ContainedBy": null, "Members": [{"ObjectIdentifier": "S-1-5-21-3349808549-1103713970-3947480754-1108", "ObjectType": "Foreignsecurityprincipal"}], "Aces": [{"RightName": "Owns", "IsInherited": false, "PrincipalSID": "S-1-5-21-2915764185-4093010455-2566636843-1000", "PrincipalType": "User"}, {"RightName": "GenericAll", "IsInherited": false, "PrincipalSID": "S-1-5-21-2915764185-4093010455-2566636843-512", "PrincipalType": "Group"}, {"RightName": "GenericAll", "IsInherited": false, "PrincipalSID": "ESSOS.LOCAL-S-1-5-32-548", "PrincipalType": "Group"}, {"RightName": "GenericAll", "IsInherited": true, "PrincipalSID": "S-1-5-21-2915764185-4093010455-2566636843-519", "PrincipalType": "Group"}, {"RightName": "GenericWrite", "IsInherited": true, "PrincipalSID": "ESSOS.LOCAL-S-1-5-32-544", "PrincipalType": "Group"}, {"RightName": "WriteOwner", "IsInherited": true, "PrincipalSID": "ESSOS.LOCAL-S-1-5-32-544", "PrincipalType": "Group"}, {"RightName": "WriteDacl", "IsInherited": true, "PrincipalSID": "ESSOS.LOCAL-S-1-5-32-544", "PrincipalType": "Group"}], "IsDeleted": false, "IsACLProtected": false},{"ObjectIdentifier": "S-1-5-21-2915764185-4093010455-2566636843-1110", "Properties": {"domain": "ESSOS.LOCAL", "domainsid": "S-1-5-21-2915764185-4093010455-2566636843", "highvalue": false, "name": "QUEENPROTECTOR@ESSOS.LOCAL", "distinguishedname": "CN=QUEENPROTECTOR,CN=USERS,DC=ESSOS,DC=LOCAL", "admincount": true, "description": null, "samaccountname": "QueenProtector", "whencreated": 1748979049, "isaclprotected": true}, "ContainedBy": null, "Members": [{"ObjectIdentifier": "S-1-5-21-2915764185-4093010455-2566636843-1109", "ObjectType": "Group"}], "Aces": [{"RightName": "Owns", "IsInherited": false, "PrincipalSID": "S-1-5-21-2915764185-4093010455-2566636843-512", "PrincipalType": "Group"}, {"RightName": "GenericWrite", "IsInherited": false, "PrincipalSID": "S-1-5-21-2915764185-4093010455-2566636843-512", "PrincipalType": "Group"}, {"RightName": "WriteOwner", "IsInherited": false, "PrincipalSID": "S-1-5-21-2915764185-4093010455-2566636843-512", "PrincipalType": "Group"}, {"RightName": "WriteDacl", "IsInherited": false, "PrincipalSID": "S-1-5-21-2915764185-4093010455-2566636843-512", "PrincipalType": "Group"}, {"RightName": "GenericWrite", "IsInherited": false, "PrincipalSID": "S-1-5-21-2915764185-4093010455-2566636843-519", "PrincipalType": "Group"}, {"RightName": "WriteOwner", "IsInherited": false, "PrincipalSID": "S-1-5-21-2915764185-4093010455-2566636843-519", "PrincipalType": "Group"}, {"RightName": "WriteDacl", "IsInherited": false, "PrincipalSID": "S-1-5-21-2915764185-4093010455-2566636843-519", "PrincipalType": "Group"}, {"RightName": "GenericWrite", "IsInherited": false, "PrincipalSID": "ESSOS.LOCAL-S-1-5-32-544", "PrincipalType": "Group"}, {"RightName": "WriteOwner", "IsInherited": false, "PrincipalSID": "ESSOS.LOCAL-S-1-5-32-544", "PrincipalType": "Group"}, {"RightName": "WriteDacl", "IsInherited": false, "PrincipalSID": "ESSOS.LOCAL-S-1-5-32-544", "PrincipalType": "Group"}], "IsDeleted": false, "IsACLProtected": true},{"ObjectIdentifier": "S-1-5-21-2915764185-4093010455-2566636843-1108", "Properties": {"domain": "ESSOS.LOCAL", "domainsid": "S-1-5-21-2915764185-4093010455-2566636843", "highvalue": false, "name": "DOTHRAKI@ESSOS.LOCAL", "distinguishedname": "CN=DOTHRAKI,CN=USERS,DC=ESSOS,DC=LOCAL", "admincount": false, "description": null, "samaccountname": "Dothraki", "whencreated": 1748979047, "isaclprotected": false}, "ContainedBy": null, "Members": [{"ObjectIdentifier": "S-1-5-21-2915764185-4093010455-2566636843-1115", "ObjectType": "User"}], "Aces": [{"RightName": "Owns", "IsInherited": false, "PrincipalSID": "S-1-5-21-2915764185-4093010455-2566636843-1000", "PrincipalType": "User"}, {"RightName": "GenericAll", "IsInherited": false, "PrincipalSID": "S-1-5-21-2915764185-4093010455-2566636843-512", "PrincipalType": "Group"}, {"RightName": "GenericAll", "IsInherited": false, "PrincipalSID": "ESSOS.LOCAL-S-1-5-32-548", "PrincipalType": "Group"}, {"RightName": "GenericAll", "IsInherited": true, "PrincipalSID": "S-1-5-21-2915764185-4093010455-2566636843-519", "PrincipalType": "Group"}, {"RightName": "GenericWrite", "IsInherited": true, "PrincipalSID": "ESSOS.LOCAL-S-1-5-32-544", "PrincipalType": "Group"}, {"RightName": "WriteOwner", "IsInherited": true, "PrincipalSID": "ESSOS.LOCAL-S-1-5-32-544", "PrincipalType": "Group"}, {"RightName": "WriteDacl", "IsInherited": true, "PrincipalSID": "ESSOS.LOCAL-S-1-5-32-544", "PrincipalType": "Group"}], "IsDeleted": false, "IsACLProtected": false},{"ObjectIdentifier": "S-1-5-21-2915764185-4093010455-2566636843-1109", "Properties": {"domain": "ESSOS.LOCAL", "domainsid": "S-1-5-21-2915764185-4093010455-2566636843", "highvalue": false, "name": "DRAGONS@ESSOS.LOCAL", "distinguishedname": "CN=DRAGONS,CN=USERS,DC=ESSOS,DC=LOCAL", "admincount": true, "description": null, "samaccountname": "Dragons", "whencreated": 1748979048, "isaclprotected": true}, "ContainedBy": null, "Members": [{"ObjectIdentifier": "S-1-5-21-2915764185-4093010455-2566636843-1118", "ObjectType": "User"}], "Aces": [{"RightName": "Owns", "IsInherited": false, "PrincipalSID": "S-1-5-21-2915764185-4093010455-2566636843-512", "PrincipalType": "Group"}, {"RightName": "GenericWrite", "IsInherited": false, "PrincipalSID": "S-1-5-21-2915764185-4093010455-2566636843-512", "PrincipalType": "Group"}, {"RightName": "WriteOwner", "IsInherited": false, "PrincipalSID": "S-1-5-21-2915764185-4093010455-2566636843-512", "PrincipalType": "Group"}, {"RightName": "WriteDacl", "IsInherited": false, "PrincipalSID": "S-1-5-21-2915764185-4093010455-2566636843-512", "PrincipalType": "Group"}, {"RightName": "GenericWrite", "IsInherited": false, "PrincipalSID": "S-1-5-21-2915764185-4093010455-2566636843-519", "PrincipalType": "Group"}, {"RightName": "WriteOwner", "IsInherited": false, "PrincipalSID": "S-1-5-21-2915764185-4093010455-2566636843-519", "PrincipalType": "Group"}, {"RightName": "WriteDacl", "IsInherited": false, "PrincipalSID": "S-1-5-21-2915764185-4093010455-2566636843-519", "PrincipalType": "Group"}, {"RightName": "GenericWrite", "IsInherited": false, "PrincipalSID": "ESSOS.LOCAL-S-1-5-32-544", "PrincipalType": "Group"}, {"RightName": "WriteOwner", "IsInherited": false, "PrincipalSID": "ESSOS.LOCAL-S-1-5-32-544", "PrincipalType": "Group"}, {"RightName": "WriteDacl", "IsInherited": false, "PrincipalSID": "ESSOS.LOCAL-S-1-5-32-544", "PrincipalType": "Group"}], "IsDeleted": false, "IsACLProtected": true},{"ObjectIdentifier": "S-1-5-21-2915764185-4093010455-2566636843-1111", "Properties": {"domain": "ESSOS.LOCAL", "domainsid": "S-1-5-21-2915764185-4093010455-2566636843", "highvalue": false, "name": "DRAGONSFRIENDS@ESSOS.LOCAL", "distinguishedname": "CN=DRAGONSFRIENDS,CN=USERS,DC=ESSOS,DC=LOCAL", "admincount": false, "description": null, "samaccountname": "DragonsFriends", "whencreated": 1748979054, "isaclprotected": false}, "ContainedBy": null, "Members": [{"ObjectIdentifier": "S-1-5-21-3349808549-1103713970-3947480754-1116", "ObjectType": "Foreignsecurityprincipal"}, {"ObjectIdentifier": "S-1-5-21-2915764185-4093010455-2566636843-1113", "ObjectType": "User"}], "Aces": [{"RightName": "Owns", "IsInherited": false, "PrincipalSID": "S-1-5-21-2915764185-4093010455-2566636843-1000", "PrincipalType": "User"}, {"RightName": "GenericAll", "IsInherited": false, "PrincipalSID": "S-1-5-21-2915764185-4093010455-2566636843-512", "PrincipalType": "Group"}, {"RightName": "GenericAll", "IsInherited": false, "PrincipalSID": "ESSOS.LOCAL-S-1-5-32-548", "PrincipalType": "Group"}, {"RightName": "GenericAll", "IsInherited": true, "PrincipalSID": "S-1-5-21-2915764185-4093010455-2566636843-519", "PrincipalType": "Group"}, {"RightName": "GenericWrite", "IsInherited": true, "PrincipalSID": "ESSOS.LOCAL-S-1-5-32-544", "PrincipalType": "Group"}, {"RightName": "WriteOwner", "IsInherited": true, "PrincipalSID": "ESSOS.LOCAL-S-1-5-32-544", "PrincipalType": "Group"}, {"RightName": "WriteDacl", "IsInherited": true, "PrincipalSID": "ESSOS.LOCAL-S-1-5-32-544", "PrincipalType": "Group"}], "IsDeleted": false, "IsACLProtected": false},{"ObjectIdentifier": "S-1-5-21-2915764185-4093010455-2566636843-1107", "Properties": {"domain": "ESSOS.LOCAL", "domainsid": "S-1-5-21-2915764185-4093010455-2566636843", "highvalue": false, "name": "TARGARYEN@ESSOS.LOCAL", "distinguishedname": "CN=TARGARYEN,CN=USERS,DC=ESSOS,DC=LOCAL", "admincount": false, "description": null, "samaccountname": "Targaryen", "whencreated": 1748979046, "isaclprotected": false}, "ContainedBy": null, "Members": [{"ObjectIdentifier": "S-1-5-21-2915764185-4093010455-2566636843-1116", "ObjectType": "User"}, {"ObjectIdentifier": "S-1-5-21-2915764185-4093010455-2566636843-1114", "ObjectType": "User"}, {"ObjectIdentifier": "S-1-5-21-2915764185-4093010455-2566636843-1113", "ObjectType": "User"}], "Aces": [{"RightName": "Owns", "IsInherited": false, "PrincipalSID": "S-1-5-21-2915764185-4093010455-2566636843-1000", "PrincipalType": "User"}, {"RightName": "GenericAll", "IsInherited": false, "PrincipalSID": "S-1-5-21-2915764185-4093010455-2566636843-512", "PrincipalType": "Group"}, {"RightName": "GenericAll", "IsInherited": false, "PrincipalSID": "ESSOS.LOCAL-S-1-5-32-548", "PrincipalType": "Group"}, {"RightName": "GenericAll", "IsInherited": true, "PrincipalSID": "S-1-5-21-2915764185-4093010455-2566636843-519", "PrincipalType": "Group"}, {"RightName": "GenericWrite", "IsInherited": true, "PrincipalSID": "ESSOS.LOCAL-S-1-5-32-544", "PrincipalType": "Group"}, {"RightName": "WriteOwner", "IsInherited": true, "PrincipalSID": "ESSOS.LOCAL-S-1-5-32-544", "PrincipalType": "Group"}, {"RightName": "WriteDacl", "IsInherited": true, "PrincipalSID": "ESSOS.LOCAL-S-1-5-32-544", "PrincipalType": "Group"}], "IsDeleted": false, "IsACLProtected": false},{"ObjectIdentifier": "S-1-5-21-2915764185-4093010455-2566636843-1106", "Properties": {"domain": "ESSOS.LOCAL", "domainsid": "S-1-5-21-2915764185-4093010455-2566636843", "highvalue": false, "name": "GREATMASTER@ESSOS.LOCAL", "distinguishedname": "CN=GREATMASTER,CN=USERS,DC=ESSOS,DC=LOCAL", "admincount": true, "description": null, "samaccountname": "greatmaster", "whencreated": 1748979044, "isaclprotected": true}, "ContainedBy": null, "Members": [], "Aces": [{"RightName": "Owns", "IsInherited": false, "PrincipalSID": "S-1-5-21-2915764185-4093010455-2566636843-512", "PrincipalType": "Group"}, {"RightName": "GenericWrite", "IsInherited": false, "PrincipalSID": "S-1-5-21-2915764185-4093010455-2566636843-512", "PrincipalType": "Group"}, {"RightName": "WriteOwner", "IsInherited": false, "PrincipalSID": "S-1-5-21-2915764185-4093010455-2566636843-512", "PrincipalType": "Group"}, {"RightName": "WriteDacl", "IsInherited": false, "PrincipalSID": "S-1-5-21-2915764185-4093010455-2566636843-512", "PrincipalType": "Group"}, {"RightName": "GenericWrite", "IsInherited": false, "PrincipalSID": "S-1-5-21-2915764185-4093010455-2566636843-519", "PrincipalType": "Group"}, {"RightName": "WriteOwner", "IsInherited": false, "PrincipalSID": "S-1-5-21-2915764185-4093010455-2566636843-519", "PrincipalType": "Group"}, {"RightName": "WriteDacl", "IsInherited": false, "PrincipalSID": "S-1-5-21-2915764185-4093010455-2566636843-519", "PrincipalType": "Group"}, {"RightName": "GenericWrite", "IsInherited": false, "PrincipalSID": "ESSOS.LOCAL-S-1-5-32-544", "PrincipalType": "Group"}, {"RightName": "WriteOwner", "IsInherited": false, "PrincipalSID": "ESSOS.LOCAL-S-1-5-32-544", "PrincipalType": "Group"}, {"RightName": "WriteDacl", "IsInherited": false, "PrincipalSID": "ESSOS.LOCAL-S-1-5-32-544", "PrincipalType": "Group"}], "IsDeleted": false, "IsACLProtected": true},{"ObjectIdentifier": "S-1-5-21-2915764185-4093010455-2566636843-1103", "Properties": {"domain": "ESSOS.LOCAL", "domainsid": "S-1-5-21-2915764185-4093010455-2566636843", "highvalue": false, "name": "DNSUPDATEPROXY@ESSOS.LOCAL", "distinguishedname": "CN=DNSUPDATEPROXY,CN=USERS,DC=ESSOS,DC=LOCAL", "admincount": false, "description": "DNS clients who are permitted to perform dynamic updates on behalf of some other clients (such as DHCP servers).", "samaccountname": "DnsUpdateProxy", "whencreated": 1748977143, "isaclprotected": false}, "ContainedBy": null, "Members": [], "Aces": [{"RightName": "GenericAll", "IsInherited": false, "PrincipalSID": "S-1-5-21-2915764185-4093010455-2566636843-512", "PrincipalType": "Group"}, {"RightName": "GenericAll", "IsInherited": false, "PrincipalSID": "ESSOS.LOCAL-S-1-5-32-548", "PrincipalType": "Group"}, {"RightName": "GenericAll", "IsInherited": true, "PrincipalSID": "S-1-5-21-2915764185-4093010455-2566636843-519", "PrincipalType": "Group"}, {"RightName": "GenericWrite", "IsInherited": true, "PrincipalSID": "ESSOS.LOCAL-S-1-5-32-544", "PrincipalType": "Group"}, {"RightName": "WriteOwner", "IsInherited": true, "PrincipalSID": "ESSOS.LOCAL-S-1-5-32-544", "PrincipalType": "Group"}, {"RightName": "WriteDacl", "IsInherited": true, "PrincipalSID": "ESSOS.LOCAL-S-1-5-32-544", "PrincipalType": "Group"}], "IsDeleted": false, "IsACLProtected": false},{"ObjectIdentifier": "S-1-5-21-2915764185-4093010455-2566636843-527", "Properties": {"domain": "ESSOS.LOCAL", "domainsid": "S-1-5-21-2915764185-4093010455-2566636843", "highvalue": false, "name": "ENTERPRISE KEY ADMINS@ESSOS.LOCAL", "distinguishedname": "CN=ENTERPRISE KEY ADMINS,CN=USERS,DC=ESSOS,DC=LOCAL", "admincount": false, "description": "Members of this group can perform administrative actions on key objects within the forest.", "samaccountname": "Enterprise Key Admins", "whencreated": 1748977103, "isaclprotected": false}, "ContainedBy": null, "Members": [], "Aces": [{"RightName": "Owns", "IsInherited": false, "PrincipalSID": "S-1-5-21-2915764185-4093010455-2566636843-512", "PrincipalType": "Group"}, {"RightName": "GenericAll", "IsInherited": false, "PrincipalSID": "S-1-5-21-2915764185-4093010455-2566636843-512", "PrincipalType": "Group"}, {"RightName": "GenericAll", "IsInherited": false, "PrincipalSID": "ESSOS.LOCAL-S-1-5-32-548", "PrincipalType": "Group"}, {"RightName": "GenericAll", "IsInherited": true, "PrincipalSID": "S-1-5-21-2915764185-4093010455-2566636843-519", "PrincipalType": "Group"}, {"RightName": "GenericWrite", "IsInherited": true, "PrincipalSID": "ESSOS.LOCAL-S-1-5-32-544", "PrincipalType": "Group"}, {"RightName": "WriteOwner", "IsInherited": true, "PrincipalSID": "ESSOS.LOCAL-S-1-5-32-544", "PrincipalType": "Group"}, {"RightName": "WriteDacl", "IsInherited": true, "PrincipalSID": "ESSOS.LOCAL-S-1-5-32-544", "PrincipalType": "Group"}], "IsDeleted": false, "IsACLProtected": false},{"ObjectIdentifier": "S-1-5-21-2915764185-4093010455-2566636843-1102", "Properties": {"domain": "ESSOS.LOCAL", "domainsid": "S-1-5-21-2915764185-4093010455-2566636843", "highvalue": false, "name": "DNSADMINS@ESSOS.LOCAL", "distinguishedname": "CN=DNSADMINS,CN=USERS,DC=ESSOS,DC=LOCAL", "admincount": false, "description": "DNS Administrators Group", "samaccountname": "DnsAdmins", "whencreated": 1748977143, "isaclprotected": false}, "ContainedBy": null, "Members": [], "Aces": [{"RightName": "GenericAll", "IsInherited": false, "PrincipalSID": "S-1-5-21-2915764185-4093010455-2566636843-512", "PrincipalType": "Group"}, {"RightName": "GenericAll", "IsInherited": false, "PrincipalSID": "ESSOS.LOCAL-S-1-5-32-548", "PrincipalType": "Group"}, {"RightName": "GenericAll", "IsInherited": true, "PrincipalSID": "S-1-5-21-2915764185-4093010455-2566636843-519", "PrincipalType": "Group"}, {"RightName": "GenericWrite", "IsInherited": true, "PrincipalSID": "ESSOS.LOCAL-S-1-5-32-544", "PrincipalType": "Group"}, {"RightName": "WriteOwner", "IsInherited": true, "PrincipalSID": "ESSOS.LOCAL-S-1-5-32-544", "PrincipalType": "Group"}, {"RightName": "WriteDacl", "IsInherited": true, "PrincipalSID": "ESSOS.LOCAL-S-1-5-32-544", "PrincipalType": "Group"}], "IsDeleted": false, "IsACLProtected": false},{"ObjectIdentifier": "S-1-5-21-2915764185-4093010455-2566636843-526", "Properties": {"domain": "ESSOS.LOCAL", "domainsid": "S-1-5-21-2915764185-4093010455-2566636843", "highvalue": false, "name": "KEY ADMINS@ESSOS.LOCAL", "distinguishedname": "CN=KEY ADMINS,CN=USERS,DC=ESSOS,DC=LOCAL", "admincount": false, "description": "Members of this group can perform administrative actions on key objects within the domain.", "samaccountname": "Key Admins", "whencreated": 1748977103, "isaclprotected": false}, "ContainedBy": null, "Members": [], "Aces": [{"RightName": "Owns", "IsInherited": false, "PrincipalSID": "S-1-5-21-2915764185-4093010455-2566636843-512", "PrincipalType": "Group"}, {"RightName": "GenericAll", "IsInherited": false, "PrincipalSID": "S-1-5-21-2915764185-4093010455-2566636843-512", "PrincipalType": "Group"}, {"RightName": "GenericAll", "IsInherited": false, "PrincipalSID": "ESSOS.LOCAL-S-1-5-32-548", "PrincipalType": "Group"}, {"RightName": "GenericAll", "IsInherited": true, "PrincipalSID": "S-1-5-21-2915764185-4093010455-2566636843-519", "PrincipalType": "Group"}, {"RightName": "GenericWrite", "IsInherited": true, "PrincipalSID": "ESSOS.LOCAL-S-1-5-32-544", "PrincipalType": "Group"}, {"RightName": "WriteOwner", "IsInherited": true, "PrincipalSID": "ESSOS.LOCAL-S-1-5-32-544", "PrincipalType": "Group"}, {"RightName": "WriteDacl", "IsInherited": true, "PrincipalSID": "ESSOS.LOCAL-S-1-5-32-544", "PrincipalType": "Group"}], "IsDeleted": false, "IsACLProtected": false},{"ObjectIdentifier": "S-1-5-21-2915764185-4093010455-2566636843-525", "Properties": {"domain": "ESSOS.LOCAL", "domainsid": "S-1-5-21-2915764185-4093010455-2566636843", "highvalue": false, "name": "PROTECTED USERS@ESSOS.LOCAL", "distinguishedname": "CN=PROTECTED USERS,CN=USERS,DC=ESSOS,DC=LOCAL", "admincount": false, "description": "Members of this group are afforded additional protections against authentication security threats. See http://go.microsoft.com/fwlink/?LinkId=298939 for more information.", "samaccountname": "Protected Users", "whencreated": 1748977103, "isaclprotected": false}, "ContainedBy": null, "Members": [], "Aces": [{"RightName": "Owns", "IsInherited": false, "PrincipalSID": "S-1-5-21-2915764185-4093010455-2566636843-512", "PrincipalType": "Group"}, {"RightName": "GenericAll", "IsInherited": false, "PrincipalSID": "S-1-5-21-2915764185-4093010455-2566636843-512", "PrincipalType": "Group"}, {"RightName": "GenericAll", "IsInherited": false, "PrincipalSID": "ESSOS.LOCAL-S-1-5-32-548", "PrincipalType": "Group"}, {"RightName": "GenericAll", "IsInherited": true, "PrincipalSID": "S-1-5-21-2915764185-4093010455-2566636843-519", "PrincipalType": "Group"}, {"RightName": "GenericWrite", "IsInherited": true, "PrincipalSID": "ESSOS.LOCAL-S-1-5-32-544", "PrincipalType": "Group"}, {"RightName": "WriteOwner", "IsInherited": true, "PrincipalSID": "ESSOS.LOCAL-S-1-5-32-544", "PrincipalType": "Group"}, {"RightName": "WriteDacl", "IsInherited": true, "PrincipalSID": "ESSOS.LOCAL-S-1-5-32-544", "PrincipalType": "Group"}], "IsDeleted": false, "IsACLProtected": false},{"ObjectIdentifier": "S-1-5-21-2915764185-4093010455-2566636843-522", "Properties": {"domain": "ESSOS.LOCAL", "domainsid": "S-1-5-21-2915764185-4093010455-2566636843", "highvalue": false, "name": "CLONEABLE DOMAIN CONTROLLERS@ESSOS.LOCAL", "distinguishedname": "CN=CLONEABLE DOMAIN CONTROLLERS,CN=USERS,DC=ESSOS,DC=LOCAL", "admincount": false, "description": "Members of this group that are domain controllers may be cloned.", "samaccountname": "Cloneable Domain Controllers", "whencreated": 1748977103, "isaclprotected": false}, "ContainedBy": null, "Members": [], "Aces": [{"RightName": "Owns", "IsInherited": false, "PrincipalSID": "S-1-5-21-2915764185-4093010455-2566636843-512", "PrincipalType": "Group"}, {"RightName": "GenericAll", "IsInherited": false, "PrincipalSID": "S-1-5-21-2915764185-4093010455-2566636843-512", "PrincipalType": "Group"}, {"RightName": "GenericAll", "IsInherited": false, "PrincipalSID": "ESSOS.LOCAL-S-1-5-32-548", "PrincipalType": "Group"}, {"RightName": "GenericAll", "IsInherited": true, "PrincipalSID": "S-1-5-21-2915764185-4093010455-2566636843-519", "PrincipalType": "Group"}, {"RightName": "GenericWrite", "IsInherited": true, "PrincipalSID": "ESSOS.LOCAL-S-1-5-32-544", "PrincipalType": "Group"}, {"RightName": "WriteOwner", "IsInherited": true, "PrincipalSID": "ESSOS.LOCAL-S-1-5-32-544", "PrincipalType": "Group"}, {"RightName": "WriteDacl", "IsInherited": true, "PrincipalSID": "ESSOS.LOCAL-S-1-5-32-544", "PrincipalType": "Group"}], "IsDeleted": false, "IsACLProtected": false},{"ObjectIdentifier": "S-1-5-21-2915764185-4093010455-2566636843-498", "Properties": {"domain": "ESSOS.LOCAL", "domainsid": "S-1-5-21-2915764185-4093010455-2566636843", "highvalue": false, "name": "ENTERPRISE READ-ONLY DOMAIN CONTROLLERS@ESSOS.LOCAL", "distinguishedname": "CN=ENTERPRISE READ-ONLY DOMAIN CONTROLLERS,CN=USERS,DC=ESSOS,DC=LOCAL", "admincount": false, "description": "Members of this group are Read-Only Domain Controllers in the enterprise", "samaccountname": "Enterprise Read-only Domain Controllers", "whencreated": 1748977103, "isaclprotected": false}, "ContainedBy": null, "Members": [], "Aces": [{"RightName": "Owns", "IsInherited": false, "PrincipalSID": "S-1-5-21-2915764185-4093010455-2566636843-512", "PrincipalType": "Group"}, {"RightName": "GenericAll", "IsInherited": false, "PrincipalSID": "S-1-5-21-2915764185-4093010455-2566636843-512", "PrincipalType": "Group"}, {"RightName": "GenericAll", "IsInherited": false, "PrincipalSID": "ESSOS.LOCAL-S-1-5-32-548", "PrincipalType": "Group"}, {"RightName": "GenericAll", "IsInherited": true, "PrincipalSID": "S-1-5-21-2915764185-4093010455-2566636843-519", "PrincipalType": "Group"}, {"RightName": "GenericWrite", "IsInherited": true, "PrincipalSID": "ESSOS.LOCAL-S-1-5-32-544", "PrincipalType": "Group"}, {"RightName": "WriteOwner", "IsInherited": true, "PrincipalSID": "ESSOS.LOCAL-S-1-5-32-544", "PrincipalType": "Group"}, {"RightName": "WriteDacl", "IsInherited": true, "PrincipalSID": "ESSOS.LOCAL-S-1-5-32-544", "PrincipalType": "Group"}], "IsDeleted": false, "IsACLProtected": false},{"ObjectIdentifier": "S-1-5-21-2915764185-4093010455-2566636843-521", "Properties": {"domain": "ESSOS.LOCAL", "domainsid": "S-1-5-21-2915764185-4093010455-2566636843", "highvalue": false, "name": "READ-ONLY DOMAIN CONTROLLERS@ESSOS.LOCAL", "distinguishedname": "CN=READ-ONLY DOMAIN CONTROLLERS,CN=USERS,DC=ESSOS,DC=LOCAL", "admincount": true, "description": "Members of this group are Read-Only Domain Controllers in the domain", "samaccountname": "Read-only Domain Controllers", "whencreated": 1748977103, "isaclprotected": true}, "ContainedBy": null, "Members": [], "Aces": [{"RightName": "Owns", "IsInherited": false, "PrincipalSID": "S-1-5-21-2915764185-4093010455-2566636843-512", "PrincipalType": "Group"}, {"RightName": "GenericWrite", "IsInherited": false, "PrincipalSID": "S-1-5-21-2915764185-4093010455-2566636843-512", "PrincipalType": "Group"}, {"RightName": "WriteOwner", "IsInherited": false, "PrincipalSID": "S-1-5-21-2915764185-4093010455-2566636843-512", "PrincipalType": "Group"}, {"RightName": "WriteDacl", "IsInherited": false, "PrincipalSID": "S-1-5-21-2915764185-4093010455-2566636843-512", "PrincipalType": "Group"}, {"RightName": "GenericWrite", "IsInherited": false, "PrincipalSID": "S-1-5-21-2915764185-4093010455-2566636843-519", "PrincipalType": "Group"}, {"RightName": "WriteOwner", "IsInherited": false, "PrincipalSID": "S-1-5-21-2915764185-4093010455-2566636843-519", "PrincipalType": "Group"}, {"RightName": "WriteDacl", "IsInherited": false, "PrincipalSID": "S-1-5-21-2915764185-4093010455-2566636843-519", "PrincipalType": "Group"}, {"RightName": "GenericWrite", "IsInherited": false, "PrincipalSID": "ESSOS.LOCAL-S-1-5-32-544", "PrincipalType": "Group"}, {"RightName": "WriteOwner", "IsInherited": false, "PrincipalSID": "ESSOS.LOCAL-S-1-5-32-544", "PrincipalType": "Group"}, {"RightName": "WriteDacl", "IsInherited": false, "PrincipalSID": "ESSOS.LOCAL-S-1-5-32-544", "PrincipalType": "Group"}], "IsDeleted": false, "IsACLProtected": true},{"IsDeleted": false, "IsACLProtected": false, "ContainedBy": null, "ObjectIdentifier": "ESSOS.LOCAL-S-1-5-9", "Properties": {"domain": "ESSOS.LOCAL", "name": "ENTERPRISE DOMAIN CONTROLLERS@ESSOS.LOCAL"}, "Members": [{"ObjectIdentifier": "S-1-5-21-2915764185-4093010455-2566636843-1001", "ObjectType": "Computer"}], "Aces": []},{"IsDeleted": false, "IsACLProtected": false, "ContainedBy": null, "ObjectIdentifier": "ESSOS.LOCAL-S-1-1-0", "Properties": {"domain": "ESSOS.LOCAL", "domainsid": "S-1-5-21-2915764185-4093010455-2566636843", "name": "EVERYONE@ESSOS.LOCAL"}, "Members": [], "Aces": []},{"IsDeleted": false, "IsACLProtected": false, "ContainedBy": null, "ObjectIdentifier": "ESSOS.LOCAL-S-1-5-11", "Properties": {"domain": "ESSOS.LOCAL", "domainsid": "S-1-5-21-2915764185-4093010455-2566636843", "name": "AUTHENTICATED USERS@ESSOS.LOCAL"}, "Members": [], "Aces": []},{"IsDeleted": false, "IsACLProtected": false, "ContainedBy": null, "ObjectIdentifier": "ESSOS.LOCAL-S-1-5-4", "Properties": {"domain": "ESSOS.LOCAL", "domainsid": "S-1-5-21-2915764185-4093010455-2566636843", "name": "INTERACTIVE@ESSOS.LOCAL"}, "Members": [], "Aces": []},{"ObjectIdentifier": "S-1-5-21-2915764185-4093010455-2566636843-572", "Properties": {"domain": "ESSOS.LOCAL", "domainsid": "S-1-5-21-2915764185-4093010455-2566636843", "highvalue": false, "name": "DENIED RODC PASSWORD REPLICATION GROUP@ESSOS.LOCAL", "distinguishedname": "CN=DENIED RODC PASSWORD REPLICATION GROUP,CN=USERS,DC=ESSOS,DC=LOCAL", "admincount": false, "description": "Members in this group cannot have their passwords replicated to any read-only domain controllers in the domain", "samaccountname": "Denied RODC Password Replication Group", "whencreated": 1748977103, "isaclprotected": false}, "ContainedBy": null, "Members": [{"ObjectIdentifier": "S-1-5-21-2915764185-4093010455-2566636843-521", "ObjectType": "Group"}, {"ObjectIdentifier": "S-1-5-21-2915764185-4093010455-2566636843-520", "ObjectType": "Group"}, {"ObjectIdentifier": "S-1-5-21-2915764185-4093010455-2566636843-512", "ObjectType": "Group"}, {"ObjectIdentifier": "S-1-5-21-2915764185-4093010455-2566636843-517", "ObjectType": "Group"}, {"ObjectIdentifier": "S-1-5-21-2915764185-4093010455-2566636843-519", "ObjectType": "Group"}, {"ObjectIdentifier": "S-1-5-21-2915764185-4093010455-2566636843-518", "ObjectType": "Group"}, {"ObjectIdentifier": "S-1-5-21-2915764185-4093010455-2566636843-516", "ObjectType": "Group"}, {"ObjectIdentifier": "S-1-5-21-2915764185-4093010455-2566636843-502", "ObjectType": "User"}], "Aces": [{"RightName": "Owns", "IsInherited": false, "PrincipalSID": "S-1-5-21-2915764185-4093010455-2566636843-512", "PrincipalType": "Group"}, {"RightName": "GenericAll", "IsInherited": false, "PrincipalSID": "S-1-5-21-2915764185-4093010455-2566636843-512", "PrincipalType": "Group"}, {"RightName": "GenericAll", "IsInherited": false, "PrincipalSID": "ESSOS.LOCAL-S-1-5-32-548", "PrincipalType": "Group"}, {"RightName": "GenericAll", "IsInherited": true, "PrincipalSID": "S-1-5-21-2915764185-4093010455-2566636843-519", "PrincipalType": "Group"}, {"RightName": "GenericWrite", "IsInherited": true, "PrincipalSID": "ESSOS.LOCAL-S-1-5-32-544", "PrincipalType": "Group"}, {"RightName": "WriteOwner", "IsInherited": true, "PrincipalSID": "ESSOS.LOCAL-S-1-5-32-544", "PrincipalType": "Group"}, {"RightName": "WriteDacl", "IsInherited": true, "PrincipalSID": "ESSOS.LOCAL-S-1-5-32-544", "PrincipalType": "Group"}], "IsDeleted": false, "IsACLProtected": false},{"ObjectIdentifier": "S-1-5-21-2915764185-4093010455-2566636843-571", "Properties": {"domain": "ESSOS.LOCAL", "domainsid": "S-1-5-21-2915764185-4093010455-2566636843", "highvalue": false, "name": "ALLOWED RODC PASSWORD REPLICATION GROUP@ESSOS.LOCAL", "distinguishedname": "CN=ALLOWED RODC PASSWORD REPLICATION GROUP,CN=USERS,DC=ESSOS,DC=LOCAL", "admincount": false, "description": "Members in this group can have their passwords replicated to all read-only domain controllers in the domain", "samaccountname": "Allowed RODC Password Replication Group", "whencreated": 1748977103, "isaclprotected": false}, "ContainedBy": null, "Members": [], "Aces": [{"RightName": "Owns", "IsInherited": false, "PrincipalSID": "S-1-5-21-2915764185-4093010455-2566636843-512", "PrincipalType": "Group"}, {"RightName": "GenericAll", "IsInherited": false, "PrincipalSID": "S-1-5-21-2915764185-4093010455-2566636843-512", "PrincipalType": "Group"}, {"RightName": "GenericAll", "IsInherited": false, "PrincipalSID": "ESSOS.LOCAL-S-1-5-32-548", "PrincipalType": "Group"}, {"RightName": "GenericAll", "IsInherited": true, "PrincipalSID": "S-1-5-21-2915764185-4093010455-2566636843-519", "PrincipalType": "Group"}, {"RightName": "GenericWrite", "IsInherited": true, "PrincipalSID": "ESSOS.LOCAL-S-1-5-32-544", "PrincipalType": "Group"}, {"RightName": "WriteOwner", "IsInherited": true, "PrincipalSID": "ESSOS.LOCAL-S-1-5-32-544", "PrincipalType": "Group"}, {"RightName": "WriteDacl", "IsInherited": true, "PrincipalSID": "ESSOS.LOCAL-S-1-5-32-544", "PrincipalType": "Group"}], "IsDeleted": false, "IsACLProtected": false},{"ObjectIdentifier": "ESSOS.LOCAL-S-1-5-32-560", "Properties": {"domain": "ESSOS.LOCAL", "domainsid": "S-1-5-21-2915764185-4093010455-2566636843", "highvalue": false, "name": "WINDOWS AUTHORIZATION ACCESS GROUP@ESSOS.LOCAL", "distinguishedname": "CN=WINDOWS AUTHORIZATION ACCESS GROUP,CN=BUILTIN,DC=ESSOS,DC=LOCAL", "admincount": false, "description": "Members of this group have access to the computed tokenGroupsGlobalAndUniversal attribute on User objects", "samaccountname": "Windows Authorization Access Group", "whencreated": 1748977103, "isaclprotected": false}, "ContainedBy": null, "Members": [{"ObjectIdentifier": "ESSOS.LOCAL-S-1-5-9", "ObjectType": "Group"}], "Aces": [{"RightName": "Owns", "IsInherited": false, "PrincipalSID": "S-1-5-21-2915764185-4093010455-2566636843-512", "PrincipalType": "Group"}, {"RightName": "GenericAll", "IsInherited": false, "PrincipalSID": "S-1-5-21-2915764185-4093010455-2566636843-512", "PrincipalType": "Group"}, {"RightName": "GenericAll", "IsInherited": false, "PrincipalSID": "ESSOS.LOCAL-S-1-5-32-548", "PrincipalType": "Group"}, {"RightName": "GenericAll", "IsInherited": true, "PrincipalSID": "S-1-5-21-2915764185-4093010455-2566636843-519", "PrincipalType": "Group"}, {"RightName": "GenericWrite", "IsInherited": true, "PrincipalSID": "ESSOS.LOCAL-S-1-5-32-544", "PrincipalType": "Group"}, {"RightName": "WriteOwner", "IsInherited": true, "PrincipalSID": "ESSOS.LOCAL-S-1-5-32-544", "PrincipalType": "Group"}, {"RightName": "WriteDacl", "IsInherited": true, "PrincipalSID": "ESSOS.LOCAL-S-1-5-32-544", "PrincipalType": "Group"}], "IsDeleted": false, "IsACLProtected": false},{"ObjectIdentifier": "ESSOS.LOCAL-S-1-5-32-557", "Properties": {"domain": "ESSOS.LOCAL", "domainsid": "S-1-5-21-2915764185-4093010455-2566636843", "highvalue": false, "name": "INCOMING FOREST TRUST BUILDERS@ESSOS.LOCAL", "distinguishedname": "CN=INCOMING FOREST TRUST BUILDERS,CN=BUILTIN,DC=ESSOS,DC=LOCAL", "admincount": false, "description": "Members of this group can create incoming, one-way trusts to this forest", "samaccountname": "Incoming Forest Trust Builders", "whencreated": 1748977103, "isaclprotected": false}, "ContainedBy": null, "Members": [], "Aces": [{"RightName": "Owns", "IsInherited": false, "PrincipalSID": "S-1-5-21-2915764185-4093010455-2566636843-512", "PrincipalType": "Group"}, {"RightName": "GenericAll", "IsInherited": false, "PrincipalSID": "S-1-5-21-2915764185-4093010455-2566636843-512", "PrincipalType": "Group"}, {"RightName": "GenericAll", "IsInherited": false, "PrincipalSID": "ESSOS.LOCAL-S-1-5-32-548", "PrincipalType": "Group"}, {"RightName": "GenericAll", "IsInherited": true, "PrincipalSID": "S-1-5-21-2915764185-4093010455-2566636843-519", "PrincipalType": "Group"}, {"RightName": "GenericWrite", "IsInherited": true, "PrincipalSID": "ESSOS.LOCAL-S-1-5-32-544", "PrincipalType": "Group"}, {"RightName": "WriteOwner", "IsInherited": true, "PrincipalSID": "ESSOS.LOCAL-S-1-5-32-544", "PrincipalType": "Group"}, {"RightName": "WriteDacl", "IsInherited": true, "PrincipalSID": "ESSOS.LOCAL-S-1-5-32-544", "PrincipalType": "Group"}], "IsDeleted": false, "IsACLProtected": false},{"ObjectIdentifier": "ESSOS.LOCAL-S-1-5-32-554", "Properties": {"domain": "ESSOS.LOCAL", "domainsid": "S-1-5-21-2915764185-4093010455-2566636843", "highvalue": false, "name": "PRE-WINDOWS 2000 COMPATIBLE ACCESS@ESSOS.LOCAL", "distinguishedname": "CN=PRE-WINDOWS 2000 COMPATIBLE ACCESS,CN=BUILTIN,DC=ESSOS,DC=LOCAL", "admincount": false, "description": "A backward compatibility group which allows read access on all users and groups in the domain", "samaccountname": "Pre-Windows 2000 Compatible Access", "whencreated": 1748977103, "isaclprotected": false}, "ContainedBy": null, "Members": [{"ObjectIdentifier": "S-1-5-21-2915764185-4093010455-2566636843-1104", "ObjectType": "Computer"}, {"ObjectIdentifier": "ESSOS.LOCAL-S-1-5-11", "ObjectType": "Group"}], "Aces": [{"RightName": "Owns", "IsInherited": false, "PrincipalSID": "S-1-5-21-2915764185-4093010455-2566636843-512", "PrincipalType": "Group"}, {"RightName": "GenericAll", "IsInherited": false, "PrincipalSID": "S-1-5-21-2915764185-4093010455-2566636843-512", "PrincipalType": "Group"}, {"RightName": "GenericAll", "IsInherited": false, "PrincipalSID": "ESSOS.LOCAL-S-1-5-32-548", "PrincipalType": "Group"}, {"RightName": "GenericAll", "IsInherited": true, "PrincipalSID": "S-1-5-21-2915764185-4093010455-2566636843-519", "PrincipalType": "Group"}, {"RightName": "GenericWrite", "IsInherited": true, "PrincipalSID": "ESSOS.LOCAL-S-1-5-32-544", "PrincipalType": "Group"}, {"RightName": "WriteOwner", "IsInherited": true, "PrincipalSID": "ESSOS.LOCAL-S-1-5-32-544", "PrincipalType": "Group"}, {"RightName": "WriteDacl", "IsInherited": true, "PrincipalSID": "ESSOS.LOCAL-S-1-5-32-544", "PrincipalType": "Group"}], "IsDeleted": false, "IsACLProtected": false},{"ObjectIdentifier": "ESSOS.LOCAL-S-1-5-32-561", "Properties": {"domain": "ESSOS.LOCAL", "domainsid": "S-1-5-21-2915764185-4093010455-2566636843", "highvalue": false, "name": "TERMINAL SERVER LICENSE SERVERS@ESSOS.LOCAL", "distinguishedname": "CN=TERMINAL SERVER LICENSE SERVERS,CN=BUILTIN,DC=ESSOS,DC=LOCAL", "admincount": false, "description": "Members of this group can update user accounts in Active Directory with information about license issuance, for the purpose of tracking and reporting TS Per User CAL usage", "samaccountname": "Terminal Server License Servers", "whencreated": 1748977103, "isaclprotected": false}, "ContainedBy": null, "Members": [], "Aces": [{"RightName": "Owns", "IsInherited": false, "PrincipalSID": "S-1-5-21-2915764185-4093010455-2566636843-512", "PrincipalType": "Group"}, {"RightName": "GenericAll", "IsInherited": false, "PrincipalSID": "S-1-5-21-2915764185-4093010455-2566636843-512", "PrincipalType": "Group"}, {"RightName": "GenericAll", "IsInherited": false, "PrincipalSID": "ESSOS.LOCAL-S-1-5-32-548", "PrincipalType": "Group"}, {"RightName": "GenericAll", "IsInherited": true, "PrincipalSID": "S-1-5-21-2915764185-4093010455-2566636843-519", "PrincipalType": "Group"}, {"RightName": "GenericWrite", "IsInherited": true, "PrincipalSID": "ESSOS.LOCAL-S-1-5-32-544", "PrincipalType": "Group"}, {"RightName": "WriteOwner", "IsInherited": true, "PrincipalSID": "ESSOS.LOCAL-S-1-5-32-544", "PrincipalType": "Group"}, {"RightName": "WriteDacl", "IsInherited": true, "PrincipalSID": "ESSOS.LOCAL-S-1-5-32-544", "PrincipalType": "Group"}], "IsDeleted": false, "IsACLProtected": false},{"ObjectIdentifier": "ESSOS.LOCAL-S-1-5-32-548", "Properties": {"domain": "ESSOS.LOCAL", "domainsid": "S-1-5-21-2915764185-4093010455-2566636843", "highvalue": true, "name": "ACCOUNT OPERATORS@ESSOS.LOCAL", "distinguishedname": "CN=ACCOUNT OPERATORS,CN=BUILTIN,DC=ESSOS,DC=LOCAL", "admincount": true, "description": "Members can administer domain user and group accounts", "samaccountname": "Account Operators", "whencreated": 1748977103, "isaclprotected": true}, "ContainedBy": null, "Members": [], "Aces": [{"RightName": "Owns", "IsInherited": false, "PrincipalSID": "S-1-5-21-2915764185-4093010455-2566636843-512", "PrincipalType": "Group"}, {"RightName": "GenericWrite", "IsInherited": false, "PrincipalSID": "S-1-5-21-2915764185-4093010455-2566636843-512", "PrincipalType": "Group"}, {"RightName": "WriteOwner", "IsInherited": false, "PrincipalSID": "S-1-5-21-2915764185-4093010455-2566636843-512", "PrincipalType": "Group"}, {"RightName": "WriteDacl", "IsInherited": false, "PrincipalSID": "S-1-5-21-2915764185-4093010455-2566636843-512", "PrincipalType": "Group"}, {"RightName": "GenericWrite", "IsInherited": false, "PrincipalSID": "S-1-5-21-2915764185-4093010455-2566636843-519", "PrincipalType": "Group"}, {"RightName": "WriteOwner", "IsInherited": false, "PrincipalSID": "S-1-5-21-2915764185-4093010455-2566636843-519", "PrincipalType": "Group"}, {"RightName": "WriteDacl", "IsInherited": false, "PrincipalSID": "S-1-5-21-2915764185-4093010455-2566636843-519", "PrincipalType": "Group"}, {"RightName": "GenericWrite", "IsInherited": false, "PrincipalSID": "ESSOS.LOCAL-S-1-5-32-544", "PrincipalType": "Group"}, {"RightName": "WriteOwner", "IsInherited": false, "PrincipalSID": "ESSOS.LOCAL-S-1-5-32-544", "PrincipalType": "Group"}, {"RightName": "WriteDacl", "IsInherited": false, "PrincipalSID": "ESSOS.LOCAL-S-1-5-32-544", "PrincipalType": "Group"}], "IsDeleted": false, "IsACLProtected": true},{"ObjectIdentifier": "ESSOS.LOCAL-S-1-5-32-549", "Properties": {"domain": "ESSOS.LOCAL", "domainsid": "S-1-5-21-2915764185-4093010455-2566636843", "highvalue": true, "name": "SERVER OPERATORS@ESSOS.LOCAL", "distinguishedname": "CN=SERVER OPERATORS,CN=BUILTIN,DC=ESSOS,DC=LOCAL", "admincount": true, "description": "Members can administer domain servers", "samaccountname": "Server Operators", "whencreated": 1748977103, "isaclprotected": true}, "ContainedBy": null, "Members": [], "Aces": [{"RightName": "Owns", "IsInherited": false, "PrincipalSID": "S-1-5-21-2915764185-4093010455-2566636843-512", "PrincipalType": "Group"}, {"RightName": "GenericWrite", "IsInherited": false, "PrincipalSID": "S-1-5-21-2915764185-4093010455-2566636843-512", "PrincipalType": "Group"}, {"RightName": "WriteOwner", "IsInherited": false, "PrincipalSID": "S-1-5-21-2915764185-4093010455-2566636843-512", "PrincipalType": "Group"}, {"RightName": "WriteDacl", "IsInherited": false, "PrincipalSID": "S-1-5-21-2915764185-4093010455-2566636843-512", "PrincipalType": "Group"}, {"RightName": "GenericWrite", "IsInherited": false, "PrincipalSID": "S-1-5-21-2915764185-4093010455-2566636843-519", "PrincipalType": "Group"}, {"RightName": "WriteOwner", "IsInherited": false, "PrincipalSID": "S-1-5-21-2915764185-4093010455-2566636843-519", "PrincipalType": "Group"}, {"RightName": "WriteDacl", "IsInherited": false, "PrincipalSID": "S-1-5-21-2915764185-4093010455-2566636843-519", "PrincipalType": "Group"}, {"RightName": "GenericWrite", "IsInherited": false, "PrincipalSID": "ESSOS.LOCAL-S-1-5-32-544", "PrincipalType": "Group"}, {"RightName": "WriteOwner", "IsInherited": false, "PrincipalSID": "ESSOS.LOCAL-S-1-5-32-544", "PrincipalType": "Group"}, {"RightName": "WriteDacl", "IsInherited": false, "PrincipalSID": "ESSOS.LOCAL-S-1-5-32-544", "PrincipalType": "Group"}], "IsDeleted": false, "IsACLProtected": true},{"ObjectIdentifier": "S-1-5-21-2915764185-4093010455-2566636843-553", "Properties": {"domain": "ESSOS.LOCAL", "domainsid": "S-1-5-21-2915764185-4093010455-2566636843", "highvalue": false, "name": "RAS AND IAS SERVERS@ESSOS.LOCAL", "distinguishedname": "CN=RAS AND IAS SERVERS,CN=USERS,DC=ESSOS,DC=LOCAL", "admincount": false, "description": "Servers in this group can access remote access properties of users", "samaccountname": "RAS and IAS Servers", "whencreated": 1748977103, "isaclprotected": false}, "ContainedBy": null, "Members": [], "Aces": [{"RightName": "Owns", "IsInherited": false, "PrincipalSID": "S-1-5-21-2915764185-4093010455-2566636843-512", "PrincipalType": "Group"}, {"RightName": "GenericAll", "IsInherited": false, "PrincipalSID": "S-1-5-21-2915764185-4093010455-2566636843-512", "PrincipalType": "Group"}, {"RightName": "GenericAll", "IsInherited": false, "PrincipalSID": "ESSOS.LOCAL-S-1-5-32-548", "PrincipalType": "Group"}, {"RightName": "GenericAll", "IsInherited": true, "PrincipalSID": "S-1-5-21-2915764185-4093010455-2566636843-519", "PrincipalType": "Group"}, {"RightName": "GenericWrite", "IsInherited": true, "PrincipalSID": "ESSOS.LOCAL-S-1-5-32-544", "PrincipalType": "Group"}, {"RightName": "WriteOwner", "IsInherited": true, "PrincipalSID": "ESSOS.LOCAL-S-1-5-32-544", "PrincipalType": "Group"}, {"RightName": "WriteDacl", "IsInherited": true, "PrincipalSID": "ESSOS.LOCAL-S-1-5-32-544", "PrincipalType": "Group"}], "IsDeleted": false, "IsACLProtected": false},{"ObjectIdentifier": "S-1-5-21-2915764185-4093010455-2566636843-520", "Properties": {"domain": "ESSOS.LOCAL", "domainsid": "S-1-5-21-2915764185-4093010455-2566636843", "highvalue": false, "name": "GROUP POLICY CREATOR OWNERS@ESSOS.LOCAL", "distinguishedname": "CN=GROUP POLICY CREATOR OWNERS,CN=USERS,DC=ESSOS,DC=LOCAL", "admincount": false, "description": "Members in this group can modify group policy for the domain", "samaccountname": "Group Policy Creator Owners", "whencreated": 1748977103, "isaclprotected": false}, "ContainedBy": null, "Members": [{"ObjectIdentifier": "S-1-5-21-2915764185-4093010455-2566636843-500", "ObjectType": "User"}], "Aces": [{"RightName": "Owns", "IsInherited": false, "PrincipalSID": "S-1-5-21-2915764185-4093010455-2566636843-512", "PrincipalType": "Group"}, {"RightName": "GenericAll", "IsInherited": false, "PrincipalSID": "S-1-5-21-2915764185-4093010455-2566636843-512", "PrincipalType": "Group"}, {"RightName": "GenericAll", "IsInherited": false, "PrincipalSID": "ESSOS.LOCAL-S-1-5-32-548", "PrincipalType": "Group"}, {"RightName": "GenericAll", "IsInherited": true, "PrincipalSID": "S-1-5-21-2915764185-4093010455-2566636843-519", "PrincipalType": "Group"}, {"RightName": "GenericWrite", "IsInherited": true, "PrincipalSID": "ESSOS.LOCAL-S-1-5-32-544", "PrincipalType": "Group"}, {"RightName": "WriteOwner", "IsInherited": true, "PrincipalSID": "ESSOS.LOCAL-S-1-5-32-544", "PrincipalType": "Group"}, {"RightName": "WriteDacl", "IsInherited": true, "PrincipalSID": "ESSOS.LOCAL-S-1-5-32-544", "PrincipalType": "Group"}], "IsDeleted": false, "IsACLProtected": false},{"ObjectIdentifier": "S-1-5-21-2915764185-4093010455-2566636843-514", "Properties": {"domain": "ESSOS.LOCAL", "domainsid": "S-1-5-21-2915764185-4093010455-2566636843", "highvalue": false, "name": "DOMAIN GUESTS@ESSOS.LOCAL", "distinguishedname": "CN=DOMAIN GUESTS,CN=USERS,DC=ESSOS,DC=LOCAL", "admincount": false, "description": "All domain guests", "samaccountname": "Domain Guests", "whencreated": 1748977103, "isaclprotected": false}, "ContainedBy": null, "Members": [], "Aces": [{"RightName": "Owns", "IsInherited": false, "PrincipalSID": "S-1-5-21-2915764185-4093010455-2566636843-512", "PrincipalType": "Group"}, {"RightName": "GenericAll", "IsInherited": false, "PrincipalSID": "S-1-5-21-2915764185-4093010455-2566636843-512", "PrincipalType": "Group"}, {"RightName": "GenericAll", "IsInherited": false, "PrincipalSID": "ESSOS.LOCAL-S-1-5-32-548", "PrincipalType": "Group"}, {"RightName": "GenericAll", "IsInherited": true, "PrincipalSID": "S-1-5-21-2915764185-4093010455-2566636843-519", "PrincipalType": "Group"}, {"RightName": "GenericWrite", "IsInherited": true, "PrincipalSID": "ESSOS.LOCAL-S-1-5-32-544", "PrincipalType": "Group"}, {"RightName": "WriteOwner", "IsInherited": true, "PrincipalSID": "ESSOS.LOCAL-S-1-5-32-544", "PrincipalType": "Group"}, {"RightName": "WriteDacl", "IsInherited": true, "PrincipalSID": "ESSOS.LOCAL-S-1-5-32-544", "PrincipalType": "Group"}], "IsDeleted": false, "IsACLProtected": false},{"ObjectIdentifier": "S-1-5-21-2915764185-4093010455-2566636843-512", "Properties": {"domain": "ESSOS.LOCAL", "domainsid": "S-1-5-21-2915764185-4093010455-2566636843", "highvalue": true, "name": "DOMAIN ADMINS@ESSOS.LOCAL", "distinguishedname": "CN=DOMAIN ADMINS,CN=USERS,DC=ESSOS,DC=LOCAL", "admincount": true, "description": "Designated administrators of the domain", "samaccountname": "Domain Admins", "whencreated": 1748977103, "isaclprotected": true}, "ContainedBy": null, "Members": [{"ObjectIdentifier": "S-1-5-21-2915764185-4093010455-2566636843-1113", "ObjectType": "User"}, {"ObjectIdentifier": "S-1-5-21-2915764185-4093010455-2566636843-1110", "ObjectType": "Group"}, {"ObjectIdentifier": "S-1-5-21-2915764185-4093010455-2566636843-500", "ObjectType": "User"}], "Aces": [{"RightName": "Owns", "IsInherited": false, "PrincipalSID": "S-1-5-21-2915764185-4093010455-2566636843-512", "PrincipalType": "Group"}, {"RightName": "GenericWrite", "IsInherited": false, "PrincipalSID": "S-1-5-21-2915764185-4093010455-2566636843-512", "PrincipalType": "Group"}, {"RightName": "WriteOwner", "IsInherited": false, "PrincipalSID": "S-1-5-21-2915764185-4093010455-2566636843-512", "PrincipalType": "Group"}, {"RightName": "WriteDacl", "IsInherited": false, "PrincipalSID": "S-1-5-21-2915764185-4093010455-2566636843-512", "PrincipalType": "Group"}, {"RightName": "GenericWrite", "IsInherited": false, "PrincipalSID": "S-1-5-21-2915764185-4093010455-2566636843-519", "PrincipalType": "Group"}, {"RightName": "WriteOwner", "IsInherited": false, "PrincipalSID": "S-1-5-21-2915764185-4093010455-2566636843-519", "PrincipalType": "Group"}, {"RightName": "WriteDacl", "IsInherited": false, "PrincipalSID": "S-1-5-21-2915764185-4093010455-2566636843-519", "PrincipalType": "Group"}, {"RightName": "GenericWrite", "IsInherited": false, "PrincipalSID": "ESSOS.LOCAL-S-1-5-32-544", "PrincipalType": "Group"}, {"RightName": "WriteOwner", "IsInherited": false, "PrincipalSID": "ESSOS.LOCAL-S-1-5-32-544", "PrincipalType": "Group"}, {"RightName": "WriteDacl", "IsInherited": false, "PrincipalSID": "ESSOS.LOCAL-S-1-5-32-544", "PrincipalType": "Group"}], "IsDeleted": false, "IsACLProtected": true},{"ObjectIdentifier": "S-1-5-21-2915764185-4093010455-2566636843-517", "Properties": {"domain": "ESSOS.LOCAL", "domainsid": "S-1-5-21-2915764185-4093010455-2566636843", "highvalue": false, "name": "CERT PUBLISHERS@ESSOS.LOCAL", "distinguishedname": "CN=CERT PUBLISHERS,CN=USERS,DC=ESSOS,DC=LOCAL", "admincount": false, "description": "Members of this group are permitted to publish certificates to the directory", "samaccountname": "Cert Publishers", "whencreated": 1748977103, "isaclprotected": false}, "ContainedBy": null, "Members": [{"ObjectIdentifier": "S-1-5-21-2915764185-4093010455-2566636843-1104", "ObjectType": "Computer"}], "Aces": [{"RightName": "Owns", "IsInherited": false, "PrincipalSID": "S-1-5-21-2915764185-4093010455-2566636843-512", "PrincipalType": "Group"}, {"RightName": "GenericAll", "IsInherited": false, "PrincipalSID": "S-1-5-21-2915764185-4093010455-2566636843-512", "PrincipalType": "Group"}, {"RightName": "GenericAll", "IsInherited": false, "PrincipalSID": "ESSOS.LOCAL-S-1-5-32-548", "PrincipalType": "Group"}, {"RightName": "GenericAll", "IsInherited": true, "PrincipalSID": "S-1-5-21-2915764185-4093010455-2566636843-519", "PrincipalType": "Group"}, {"RightName": "GenericWrite", "IsInherited": true, "PrincipalSID": "ESSOS.LOCAL-S-1-5-32-544", "PrincipalType": "Group"}, {"RightName": "WriteOwner", "IsInherited": true, "PrincipalSID": "ESSOS.LOCAL-S-1-5-32-544", "PrincipalType": "Group"}, {"RightName": "WriteDacl", "IsInherited": true, "PrincipalSID": "ESSOS.LOCAL-S-1-5-32-544", "PrincipalType": "Group"}], "IsDeleted": false, "IsACLProtected": false},{"ObjectIdentifier": "S-1-5-21-2915764185-4093010455-2566636843-519", "Properties": {"domain": "ESSOS.LOCAL", "domainsid": "S-1-5-21-2915764185-4093010455-2566636843", "highvalue": true, "name": "ENTERPRISE ADMINS@ESSOS.LOCAL", "distinguishedname": "CN=ENTERPRISE ADMINS,CN=USERS,DC=ESSOS,DC=LOCAL", "admincount": true, "description": "Designated administrators of the enterprise", "samaccountname": "Enterprise Admins", "whencreated": 1748977103, "isaclprotected": true}, "ContainedBy": null, "Members": [{"ObjectIdentifier": "S-1-5-21-2915764185-4093010455-2566636843-500", "ObjectType": "User"}], "Aces": [{"RightName": "Owns", "IsInherited": false, "PrincipalSID": "S-1-5-21-2915764185-4093010455-2566636843-512", "PrincipalType": "Group"}, {"RightName": "GenericWrite", "IsInherited": false, "PrincipalSID": "S-1-5-21-2915764185-4093010455-2566636843-512", "PrincipalType": "Group"}, {"RightName": "WriteOwner", "IsInherited": false, "PrincipalSID": "S-1-5-21-2915764185-4093010455-2566636843-512", "PrincipalType": "Group"}, {"RightName": "WriteDacl", "IsInherited": false, "PrincipalSID": "S-1-5-21-2915764185-4093010455-2566636843-512", "PrincipalType": "Group"}, {"RightName": "GenericWrite", "IsInherited": false, "PrincipalSID": "S-1-5-21-2915764185-4093010455-2566636843-519", "PrincipalType": "Group"}, {"RightName": "WriteOwner", "IsInherited": false, "PrincipalSID": "S-1-5-21-2915764185-4093010455-2566636843-519", "PrincipalType": "Group"}, {"RightName": "WriteDacl", "IsInherited": false, "PrincipalSID": "S-1-5-21-2915764185-4093010455-2566636843-519", "PrincipalType": "Group"}, {"RightName": "GenericWrite", "IsInherited": false, "PrincipalSID": "ESSOS.LOCAL-S-1-5-32-544", "PrincipalType": "Group"}, {"RightName": "WriteOwner", "IsInherited": false, "PrincipalSID": "ESSOS.LOCAL-S-1-5-32-544", "PrincipalType": "Group"}, {"RightName": "WriteDacl", "IsInherited": false, "PrincipalSID": "ESSOS.LOCAL-S-1-5-32-544", "PrincipalType": "Group"}], "IsDeleted": false, "IsACLProtected": true},{"ObjectIdentifier": "S-1-5-21-2915764185-4093010455-2566636843-518", "Properties": {"domain": "ESSOS.LOCAL", "domainsid": "S-1-5-21-2915764185-4093010455-2566636843", "highvalue": false, "name": "SCHEMA ADMINS@ESSOS.LOCAL", "distinguishedname": "CN=SCHEMA ADMINS,CN=USERS,DC=ESSOS,DC=LOCAL", "admincount": true, "description": "Designated administrators of the schema", "samaccountname": "Schema Admins", "whencreated": 1748977103, "isaclprotected": true}, "ContainedBy": null, "Members": [{"ObjectIdentifier": "S-1-5-21-2915764185-4093010455-2566636843-500", "ObjectType": "User"}], "Aces": [{"RightName": "Owns", "IsInherited": false, "PrincipalSID": "S-1-5-21-2915764185-4093010455-2566636843-512", "PrincipalType": "Group"}, {"RightName": "GenericWrite", "IsInherited": false, "PrincipalSID": "S-1-5-21-2915764185-4093010455-2566636843-512", "PrincipalType": "Group"}, {"RightName": "WriteOwner", "IsInherited": false, "PrincipalSID": "S-1-5-21-2915764185-4093010455-2566636843-512", "PrincipalType": "Group"}, {"RightName": "WriteDacl", "IsInherited": false, "PrincipalSID": "S-1-5-21-2915764185-4093010455-2566636843-512", "PrincipalType": "Group"}, {"RightName": "GenericWrite", "IsInherited": false, "PrincipalSID": "S-1-5-21-2915764185-4093010455-2566636843-519", "PrincipalType": "Group"}, {"RightName": "WriteOwner", "IsInherited": false, "PrincipalSID": "S-1-5-21-2915764185-4093010455-2566636843-519", "PrincipalType": "Group"}, {"RightName": "WriteDacl", "IsInherited": false, "PrincipalSID": "S-1-5-21-2915764185-4093010455-2566636843-519", "PrincipalType": "Group"}, {"RightName": "GenericWrite", "IsInherited": false, "PrincipalSID": "ESSOS.LOCAL-S-1-5-32-544", "PrincipalType": "Group"}, {"RightName": "WriteOwner", "IsInherited": false, "PrincipalSID": "ESSOS.LOCAL-S-1-5-32-544", "PrincipalType": "Group"}, {"RightName": "WriteDacl", "IsInherited": false, "PrincipalSID": "ESSOS.LOCAL-S-1-5-32-544", "PrincipalType": "Group"}], "IsDeleted": false, "IsACLProtected": true},{"ObjectIdentifier": "S-1-5-21-2915764185-4093010455-2566636843-516", "Properties": {"domain": "ESSOS.LOCAL", "domainsid": "S-1-5-21-2915764185-4093010455-2566636843", "highvalue": true, "name": "DOMAIN CONTROLLERS@ESSOS.LOCAL", "distinguishedname": "CN=DOMAIN CONTROLLERS,CN=USERS,DC=ESSOS,DC=LOCAL", "admincount": true, "description": "All domain controllers in the domain", "samaccountname": "Domain Controllers", "whencreated": 1748977103, "isaclprotected": true}, "ContainedBy": null, "Members": [], "Aces": [{"RightName": "Owns", "IsInherited": false, "PrincipalSID": "S-1-5-21-2915764185-4093010455-2566636843-512", "PrincipalType": "Group"}, {"RightName": "GenericWrite", "IsInherited": false, "PrincipalSID": "S-1-5-21-2915764185-4093010455-2566636843-512", "PrincipalType": "Group"}, {"RightName": "WriteOwner", "IsInherited": false, "PrincipalSID": "S-1-5-21-2915764185-4093010455-2566636843-512", "PrincipalType": "Group"}, {"RightName": "WriteDacl", "IsInherited": false, "PrincipalSID": "S-1-5-21-2915764185-4093010455-2566636843-512", "PrincipalType": "Group"}, {"RightName": "GenericWrite", "IsInherited": false, "PrincipalSID": "S-1-5-21-2915764185-4093010455-2566636843-519", "PrincipalType": "Group"}, {"RightName": "WriteOwner", "IsInherited": false, "PrincipalSID": "S-1-5-21-2915764185-4093010455-2566636843-519", "PrincipalType": "Group"}, {"RightName": "WriteDacl", "IsInherited": false, "PrincipalSID": "S-1-5-21-2915764185-4093010455-2566636843-519", "PrincipalType": "Group"}, {"RightName": "GenericWrite", "IsInherited": false, "PrincipalSID": "ESSOS.LOCAL-S-1-5-32-544", "PrincipalType": "Group"}, {"RightName": "WriteOwner", "IsInherited": false, "PrincipalSID": "ESSOS.LOCAL-S-1-5-32-544", "PrincipalType": "Group"}, {"RightName": "WriteDacl", "IsInherited": false, "PrincipalSID": "ESSOS.LOCAL-S-1-5-32-544", "PrincipalType": "Group"}], "IsDeleted": false, "IsACLProtected": true},{"ObjectIdentifier": "S-1-5-21-2915764185-4093010455-2566636843-513", "Properties": {"domain": "ESSOS.LOCAL", "domainsid": "S-1-5-21-2915764185-4093010455-2566636843", "highvalue": false, "name": "DOMAIN USERS@ESSOS.LOCAL", "distinguishedname": "CN=DOMAIN USERS,CN=USERS,DC=ESSOS,DC=LOCAL", "admincount": false, "description": "All domain users", "samaccountname": "Domain Users", "whencreated": 1748977103, "isaclprotected": false}, "ContainedBy": null, "Members": [], "Aces": [{"RightName": "Owns", "IsInherited": false, "PrincipalSID": "S-1-5-21-2915764185-4093010455-2566636843-512", "PrincipalType": "Group"}, {"RightName": "GenericAll", "IsInherited": false, "PrincipalSID": "S-1-5-21-2915764185-4093010455-2566636843-512", "PrincipalType": "Group"}, {"RightName": "GenericAll", "IsInherited": false, "PrincipalSID": "ESSOS.LOCAL-S-1-5-32-548", "PrincipalType": "Group"}, {"RightName": "GenericAll", "IsInherited": true, "PrincipalSID": "S-1-5-21-2915764185-4093010455-2566636843-519", "PrincipalType": "Group"}, {"RightName": "GenericWrite", "IsInherited": true, "PrincipalSID": "ESSOS.LOCAL-S-1-5-32-544", "PrincipalType": "Group"}, {"RightName": "WriteOwner", "IsInherited": true, "PrincipalSID": "ESSOS.LOCAL-S-1-5-32-544", "PrincipalType": "Group"}, {"RightName": "WriteDacl", "IsInherited": true, "PrincipalSID": "ESSOS.LOCAL-S-1-5-32-544", "PrincipalType": "Group"}], "IsDeleted": false, "IsACLProtected": false},{"ObjectIdentifier": "ESSOS.LOCAL-S-1-5-32-582", "Properties": {"domain": "ESSOS.LOCAL", "domainsid": "S-1-5-21-2915764185-4093010455-2566636843", "highvalue": false, "name": "STORAGE REPLICA ADMINISTRATORS@ESSOS.LOCAL", "distinguishedname": "CN=STORAGE REPLICA ADMINISTRATORS,CN=BUILTIN,DC=ESSOS,DC=LOCAL", "admincount": false, "description": "Members of this group have complete and unrestricted access to all features of Storage Replica.", "samaccountname": "Storage Replica Administrators", "whencreated": 1748976782, "isaclprotected": false}, "ContainedBy": null, "Members": [], "Aces": [{"RightName": "Owns", "IsInherited": false, "PrincipalSID": "ESSOS.LOCAL-S-1-5-32-544", "PrincipalType": "Group"}, {"RightName": "GenericAll", "IsInherited": false, "PrincipalSID": "S-1-5-21-2915764185-4093010455-2566636843-512", "PrincipalType": "Group"}, {"RightName": "GenericAll", "IsInherited": false, "PrincipalSID": "ESSOS.LOCAL-S-1-5-32-548", "PrincipalType": "Group"}, {"RightName": "GenericAll", "IsInherited": true, "PrincipalSID": "S-1-5-21-2915764185-4093010455-2566636843-519", "PrincipalType": "Group"}, {"RightName": "GenericWrite", "IsInherited": true, "PrincipalSID": "ESSOS.LOCAL-S-1-5-32-544", "PrincipalType": "Group"}, {"RightName": "WriteOwner", "IsInherited": true, "PrincipalSID": "ESSOS.LOCAL-S-1-5-32-544", "PrincipalType": "Group"}, {"RightName": "WriteDacl", "IsInherited": true, "PrincipalSID": "ESSOS.LOCAL-S-1-5-32-544", "PrincipalType": "Group"}], "IsDeleted": false, "IsACLProtected": false},{"ObjectIdentifier": "S-1-5-21-2915764185-4093010455-2566636843-515", "Properties": {"domain": "ESSOS.LOCAL", "domainsid": "S-1-5-21-2915764185-4093010455-2566636843", "highvalue": false, "name": "DOMAIN COMPUTERS@ESSOS.LOCAL", "distinguishedname": "CN=DOMAIN COMPUTERS,CN=USERS,DC=ESSOS,DC=LOCAL", "admincount": false, "description": "All workstations and servers joined to the domain", "samaccountname": "Domain Computers", "whencreated": 1748977103, "isaclprotected": false}, "ContainedBy": null, "Members": [], "Aces": [{"RightName": "Owns", "IsInherited": false, "PrincipalSID": "S-1-5-21-2915764185-4093010455-2566636843-512", "PrincipalType": "Group"}, {"RightName": "GenericAll", "IsInherited": false, "PrincipalSID": "S-1-5-21-2915764185-4093010455-2566636843-512", "PrincipalType": "Group"}, {"RightName": "GenericAll", "IsInherited": false, "PrincipalSID": "ESSOS.LOCAL-S-1-5-32-548", "PrincipalType": "Group"}, {"RightName": "GenericAll", "IsInherited": true, "PrincipalSID": "S-1-5-21-2915764185-4093010455-2566636843-519", "PrincipalType": "Group"}, {"RightName": "GenericWrite", "IsInherited": true, "PrincipalSID": "ESSOS.LOCAL-S-1-5-32-544", "PrincipalType": "Group"}, {"RightName": "WriteOwner", "IsInherited": true, "PrincipalSID": "ESSOS.LOCAL-S-1-5-32-544", "PrincipalType": "Group"}, {"RightName": "WriteDacl", "IsInherited": true, "PrincipalSID": "ESSOS.LOCAL-S-1-5-32-544", "PrincipalType": "Group"}], "IsDeleted": false, "IsACLProtected": false},{"ObjectIdentifier": "S-1-5-32-581", "Properties": {"domain": "ESSOS.LOCAL", "domainsid": "S-1-5-21-2915764185-4093010455-2566636843", "highvalue": false, "name": "SYSTEM MANAGED ACCOUNTS GROUP@ESSOS.LOCAL", "distinguishedname": "CN=SYSTEM MANAGED ACCOUNTS GROUP,CN=BUILTIN,DC=ESSOS,DC=LOCAL", "admincount": false, "description": "Members of this group are managed by the system.", "samaccountname": "System Managed Accounts Group", "whencreated": 1748976782, "isaclprotected": false}, "ContainedBy": null, "Members": [{"ObjectIdentifier": "S-1-5-21-2915764185-4093010455-2566636843-503", "ObjectType": "User"}], "Aces": [{"RightName": "Owns", "IsInherited": false, "PrincipalSID": "ESSOS.LOCAL-S-1-5-32-544", "PrincipalType": "Group"}, {"RightName": "GenericAll", "IsInherited": false, "PrincipalSID": "S-1-5-21-2915764185-4093010455-2566636843-512", "PrincipalType": "Group"}, {"RightName": "GenericAll", "IsInherited": false, "PrincipalSID": "ESSOS.LOCAL-S-1-5-32-548", "PrincipalType": "Group"}, {"RightName": "GenericAll", "IsInherited": true, "PrincipalSID": "S-1-5-21-2915764185-4093010455-2566636843-519", "PrincipalType": "Group"}, {"RightName": "GenericWrite", "IsInherited": true, "PrincipalSID": "ESSOS.LOCAL-S-1-5-32-544", "PrincipalType": "Group"}, {"RightName": "WriteOwner", "IsInherited": true, "PrincipalSID": "ESSOS.LOCAL-S-1-5-32-544", "PrincipalType": "Group"}, {"RightName": "WriteDacl", "IsInherited": true, "PrincipalSID": "ESSOS.LOCAL-S-1-5-32-544", "PrincipalType": "Group"}], "IsDeleted": false, "IsACLProtected": false},{"ObjectIdentifier": "ESSOS.LOCAL-S-1-5-32-580", "Properties": {"domain": "ESSOS.LOCAL", "domainsid": "S-1-5-21-2915764185-4093010455-2566636843", "highvalue": false, "name": "REMOTE MANAGEMENT USERS@ESSOS.LOCAL", "distinguishedname": "CN=REMOTE MANAGEMENT USERS,CN=BUILTIN,DC=ESSOS,DC=LOCAL", "admincount": false, "description": "Members of this group can access WMI resources over management protocols (such as WS-Management via the Windows Remote Management service). This applies only to WMI namespaces that grant access to the user.", "samaccountname": "Remote Management Users", "whencreated": 1748976782, "isaclprotected": false}, "ContainedBy": null, "Members": [], "Aces": [{"RightName": "Owns", "IsInherited": false, "PrincipalSID": "ESSOS.LOCAL-S-1-5-32-544", "PrincipalType": "Group"}, {"RightName": "GenericAll", "IsInherited": false, "PrincipalSID": "S-1-5-21-2915764185-4093010455-2566636843-512", "PrincipalType": "Group"}, {"RightName": "GenericAll", "IsInherited": false, "PrincipalSID": "ESSOS.LOCAL-S-1-5-32-548", "PrincipalType": "Group"}, {"RightName": "GenericAll", "IsInherited": true, "PrincipalSID": "S-1-5-21-2915764185-4093010455-2566636843-519", "PrincipalType": "Group"}, {"RightName": "GenericWrite", "IsInherited": true, "PrincipalSID": "ESSOS.LOCAL-S-1-5-32-544", "PrincipalType": "Group"}, {"RightName": "WriteOwner", "IsInherited": true, "PrincipalSID": "ESSOS.LOCAL-S-1-5-32-544", "PrincipalType": "Group"}, {"RightName": "WriteDacl", "IsInherited": true, "PrincipalSID": "ESSOS.LOCAL-S-1-5-32-544", "PrincipalType": "Group"}], "IsDeleted": false, "IsACLProtected": false},{"ObjectIdentifier": "ESSOS.LOCAL-S-1-5-32-578", "Properties": {"domain": "ESSOS.LOCAL", "domainsid": "S-1-5-21-2915764185-4093010455-2566636843", "highvalue": false, "name": "HYPER-V ADMINISTRATORS@ESSOS.LOCAL", "distinguishedname": "CN=HYPER-V ADMINISTRATORS,CN=BUILTIN,DC=ESSOS,DC=LOCAL", "admincount": false, "description": "Members of this group have complete and unrestricted access to all features of Hyper-V.", "samaccountname": "Hyper-V Administrators", "whencreated": 1748976782, "isaclprotected": false}, "ContainedBy": null, "Members": [], "Aces": [{"RightName": "Owns", "IsInherited": false, "PrincipalSID": "ESSOS.LOCAL-S-1-5-32-544", "PrincipalType": "Group"}, {"RightName": "GenericAll", "IsInherited": false, "PrincipalSID": "S-1-5-21-2915764185-4093010455-2566636843-512", "PrincipalType": "Group"}, {"RightName": "GenericAll", "IsInherited": false, "PrincipalSID": "ESSOS.LOCAL-S-1-5-32-548", "PrincipalType": "Group"}, {"RightName": "GenericAll", "IsInherited": true, "PrincipalSID": "S-1-5-21-2915764185-4093010455-2566636843-519", "PrincipalType": "Group"}, {"RightName": "GenericWrite", "IsInherited": true, "PrincipalSID": "ESSOS.LOCAL-S-1-5-32-544", "PrincipalType": "Group"}, {"RightName": "WriteOwner", "IsInherited": true, "PrincipalSID": "ESSOS.LOCAL-S-1-5-32-544", "PrincipalType": "Group"}, {"RightName": "WriteDacl", "IsInherited": true, "PrincipalSID": "ESSOS.LOCAL-S-1-5-32-544", "PrincipalType": "Group"}], "IsDeleted": false, "IsACLProtected": false},{"ObjectIdentifier": "ESSOS.LOCAL-S-1-5-32-577", "Properties": {"domain": "ESSOS.LOCAL", "domainsid": "S-1-5-21-2915764185-4093010455-2566636843", "highvalue": false, "name": "RDS MANAGEMENT SERVERS@ESSOS.LOCAL", "distinguishedname": "CN=RDS MANAGEMENT SERVERS,CN=BUILTIN,DC=ESSOS,DC=LOCAL", "admincount": false, "description": "Servers in this group can perform routine administrative actions on servers running Remote Desktop Services. This group needs to be populated on all servers in a Remote Desktop Services deployment. The servers running the RDS Central Management service must be included in this group.", "samaccountname": "RDS Management Servers", "whencreated": 1748976782, "isaclprotected": false}, "ContainedBy": null, "Members": [], "Aces": [{"RightName": "Owns", "IsInherited": false, "PrincipalSID": "ESSOS.LOCAL-S-1-5-32-544", "PrincipalType": "Group"}, {"RightName": "GenericAll", "IsInherited": false, "PrincipalSID": "S-1-5-21-2915764185-4093010455-2566636843-512", "PrincipalType": "Group"}, {"RightName": "GenericAll", "IsInherited": false, "PrincipalSID": "ESSOS.LOCAL-S-1-5-32-548", "PrincipalType": "Group"}, {"RightName": "GenericAll", "IsInherited": true, "PrincipalSID": "S-1-5-21-2915764185-4093010455-2566636843-519", "PrincipalType": "Group"}, {"RightName": "GenericWrite", "IsInherited": true, "PrincipalSID": "ESSOS.LOCAL-S-1-5-32-544", "PrincipalType": "Group"}, {"RightName": "WriteOwner", "IsInherited": true, "PrincipalSID": "ESSOS.LOCAL-S-1-5-32-544", "PrincipalType": "Group"}, {"RightName": "WriteDacl", "IsInherited": true, "PrincipalSID": "ESSOS.LOCAL-S-1-5-32-544", "PrincipalType": "Group"}], "IsDeleted": false, "IsACLProtected": false},{"ObjectIdentifier": "ESSOS.LOCAL-S-1-5-32-576", "Properties": {"domain": "ESSOS.LOCAL", "domainsid": "S-1-5-21-2915764185-4093010455-2566636843", "highvalue": false, "name": "RDS ENDPOINT SERVERS@ESSOS.LOCAL", "distinguishedname": "CN=RDS ENDPOINT SERVERS,CN=BUILTIN,DC=ESSOS,DC=LOCAL", "admincount": false, "description": "Servers in this group run virtual machines and host sessions where users RemoteApp programs and personal virtual desktops run. This group needs to be populated on servers running RD Connection Broker. RD Session Host servers and RD Virtualization Host servers used in the deployment need to be in this group.", "samaccountname": "RDS Endpoint Servers", "whencreated": 1748976782, "isaclprotected": false}, "ContainedBy": null, "Members": [], "Aces": [{"RightName": "Owns", "IsInherited": false, "PrincipalSID": "ESSOS.LOCAL-S-1-5-32-544", "PrincipalType": "Group"}, {"RightName": "GenericAll", "IsInherited": false, "PrincipalSID": "S-1-5-21-2915764185-4093010455-2566636843-512", "PrincipalType": "Group"}, {"RightName": "GenericAll", "IsInherited": false, "PrincipalSID": "ESSOS.LOCAL-S-1-5-32-548", "PrincipalType": "Group"}, {"RightName": "GenericAll", "IsInherited": true, "PrincipalSID": "S-1-5-21-2915764185-4093010455-2566636843-519", "PrincipalType": "Group"}, {"RightName": "GenericWrite", "IsInherited": true, "PrincipalSID": "ESSOS.LOCAL-S-1-5-32-544", "PrincipalType": "Group"}, {"RightName": "WriteOwner", "IsInherited": true, "PrincipalSID": "ESSOS.LOCAL-S-1-5-32-544", "PrincipalType": "Group"}, {"RightName": "WriteDacl", "IsInherited": true, "PrincipalSID": "ESSOS.LOCAL-S-1-5-32-544", "PrincipalType": "Group"}], "IsDeleted": false, "IsACLProtected": false},{"ObjectIdentifier": "ESSOS.LOCAL-S-1-5-32-574", "Properties": {"domain": "ESSOS.LOCAL", "domainsid": "S-1-5-21-2915764185-4093010455-2566636843", "highvalue": false, "name": "CERTIFICATE SERVICE DCOM ACCESS@ESSOS.LOCAL", "distinguishedname": "CN=CERTIFICATE SERVICE DCOM ACCESS,CN=BUILTIN,DC=ESSOS,DC=LOCAL", "admincount": false, "description": "Members of this group are allowed to connect to Certification Authorities in the enterprise", "samaccountname": "Certificate Service DCOM Access", "whencreated": 1748976782, "isaclprotected": false}, "ContainedBy": null, "Members": [], "Aces": [{"RightName": "Owns", "IsInherited": false, "PrincipalSID": "ESSOS.LOCAL-S-1-5-32-544", "PrincipalType": "Group"}, {"RightName": "GenericAll", "IsInherited": false, "PrincipalSID": "S-1-5-21-2915764185-4093010455-2566636843-512", "PrincipalType": "Group"}, {"RightName": "GenericAll", "IsInherited": false, "PrincipalSID": "ESSOS.LOCAL-S-1-5-32-548", "PrincipalType": "Group"}, {"RightName": "GenericAll", "IsInherited": true, "PrincipalSID": "S-1-5-21-2915764185-4093010455-2566636843-519", "PrincipalType": "Group"}, {"RightName": "GenericWrite", "IsInherited": true, "PrincipalSID": "ESSOS.LOCAL-S-1-5-32-544", "PrincipalType": "Group"}, {"RightName": "WriteOwner", "IsInherited": true, "PrincipalSID": "ESSOS.LOCAL-S-1-5-32-544", "PrincipalType": "Group"}, {"RightName": "WriteDacl", "IsInherited": true, "PrincipalSID": "ESSOS.LOCAL-S-1-5-32-544", "PrincipalType": "Group"}], "IsDeleted": false, "IsACLProtected": false},{"ObjectIdentifier": "ESSOS.LOCAL-S-1-5-32-575", "Properties": {"domain": "ESSOS.LOCAL", "domainsid": "S-1-5-21-2915764185-4093010455-2566636843", "highvalue": false, "name": "RDS REMOTE ACCESS SERVERS@ESSOS.LOCAL", "distinguishedname": "CN=RDS REMOTE ACCESS SERVERS,CN=BUILTIN,DC=ESSOS,DC=LOCAL", "admincount": false, "description": "Servers in this group enable users of RemoteApp programs and personal virtual desktops access to these resources. In Internet-facing deployments, these servers are typically deployed in an edge network. This group needs to be populated on servers running RD Connection Broker. RD Gateway servers and RD Web Access servers used in the deployment need to be in this group.", "samaccountname": "RDS Remote Access Servers", "whencreated": 1748976782, "isaclprotected": false}, "ContainedBy": null, "Members": [], "Aces": [{"RightName": "Owns", "IsInherited": false, "PrincipalSID": "ESSOS.LOCAL-S-1-5-32-544", "PrincipalType": "Group"}, {"RightName": "GenericAll", "IsInherited": false, "PrincipalSID": "S-1-5-21-2915764185-4093010455-2566636843-512", "PrincipalType": "Group"}, {"RightName": "GenericAll", "IsInherited": false, "PrincipalSID": "ESSOS.LOCAL-S-1-5-32-548", "PrincipalType": "Group"}, {"RightName": "GenericAll", "IsInherited": true, "PrincipalSID": "S-1-5-21-2915764185-4093010455-2566636843-519", "PrincipalType": "Group"}, {"RightName": "GenericWrite", "IsInherited": true, "PrincipalSID": "ESSOS.LOCAL-S-1-5-32-544", "PrincipalType": "Group"}, {"RightName": "WriteOwner", "IsInherited": true, "PrincipalSID": "ESSOS.LOCAL-S-1-5-32-544", "PrincipalType": "Group"}, {"RightName": "WriteDacl", "IsInherited": true, "PrincipalSID": "ESSOS.LOCAL-S-1-5-32-544", "PrincipalType": "Group"}], "IsDeleted": false, "IsACLProtected": false},{"ObjectIdentifier": "ESSOS.LOCAL-S-1-5-32-579", "Properties": {"domain": "ESSOS.LOCAL", "domainsid": "S-1-5-21-2915764185-4093010455-2566636843", "highvalue": false, "name": "ACCESS CONTROL ASSISTANCE OPERATORS@ESSOS.LOCAL", "distinguishedname": "CN=ACCESS CONTROL ASSISTANCE OPERATORS,CN=BUILTIN,DC=ESSOS,DC=LOCAL", "admincount": false, "description": "Members of this group can remotely query authorization attributes and permissions for resources on this computer.", "samaccountname": "Access Control Assistance Operators", "whencreated": 1748976782, "isaclprotected": false}, "ContainedBy": null, "Members": [], "Aces": [{"RightName": "Owns", "IsInherited": false, "PrincipalSID": "ESSOS.LOCAL-S-1-5-32-544", "PrincipalType": "Group"}, {"RightName": "GenericAll", "IsInherited": false, "PrincipalSID": "S-1-5-21-2915764185-4093010455-2566636843-512", "PrincipalType": "Group"}, {"RightName": "GenericAll", "IsInherited": false, "PrincipalSID": "ESSOS.LOCAL-S-1-5-32-548", "PrincipalType": "Group"}, {"RightName": "GenericAll", "IsInherited": true, "PrincipalSID": "S-1-5-21-2915764185-4093010455-2566636843-519", "PrincipalType": "Group"}, {"RightName": "GenericWrite", "IsInherited": true, "PrincipalSID": "ESSOS.LOCAL-S-1-5-32-544", "PrincipalType": "Group"}, {"RightName": "WriteOwner", "IsInherited": true, "PrincipalSID": "ESSOS.LOCAL-S-1-5-32-544", "PrincipalType": "Group"}, {"RightName": "WriteDacl", "IsInherited": true, "PrincipalSID": "ESSOS.LOCAL-S-1-5-32-544", "PrincipalType": "Group"}], "IsDeleted": false, "IsACLProtected": false},{"ObjectIdentifier": "ESSOS.LOCAL-S-1-5-32-569", "Properties": {"domain": "ESSOS.LOCAL", "domainsid": "S-1-5-21-2915764185-4093010455-2566636843", "highvalue": false, "name": "CRYPTOGRAPHIC OPERATORS@ESSOS.LOCAL", "distinguishedname": "CN=CRYPTOGRAPHIC OPERATORS,CN=BUILTIN,DC=ESSOS,DC=LOCAL", "admincount": false, "description": "Members are authorized to perform cryptographic operations.", "samaccountname": "Cryptographic Operators", "whencreated": 1748976782, "isaclprotected": false}, "ContainedBy": null, "Members": [], "Aces": [{"RightName": "Owns", "IsInherited": false, "PrincipalSID": "ESSOS.LOCAL-S-1-5-32-544", "PrincipalType": "Group"}, {"RightName": "GenericAll", "IsInherited": false, "PrincipalSID": "S-1-5-21-2915764185-4093010455-2566636843-512", "PrincipalType": "Group"}, {"RightName": "GenericAll", "IsInherited": false, "PrincipalSID": "ESSOS.LOCAL-S-1-5-32-548", "PrincipalType": "Group"}, {"RightName": "GenericAll", "IsInherited": true, "PrincipalSID": "S-1-5-21-2915764185-4093010455-2566636843-519", "PrincipalType": "Group"}, {"RightName": "GenericWrite", "IsInherited": true, "PrincipalSID": "ESSOS.LOCAL-S-1-5-32-544", "PrincipalType": "Group"}, {"RightName": "WriteOwner", "IsInherited": true, "PrincipalSID": "ESSOS.LOCAL-S-1-5-32-544", "PrincipalType": "Group"}, {"RightName": "WriteDacl", "IsInherited": true, "PrincipalSID": "ESSOS.LOCAL-S-1-5-32-544", "PrincipalType": "Group"}], "IsDeleted": false, "IsACLProtected": false},{"ObjectIdentifier": "ESSOS.LOCAL-S-1-5-32-573", "Properties": {"domain": "ESSOS.LOCAL", "domainsid": "S-1-5-21-2915764185-4093010455-2566636843", "highvalue": false, "name": "EVENT LOG READERS@ESSOS.LOCAL", "distinguishedname": "CN=EVENT LOG READERS,CN=BUILTIN,DC=ESSOS,DC=LOCAL", "admincount": false, "description": "Members of this group can read event logs from local machine", "samaccountname": "Event Log Readers", "whencreated": 1748976782, "isaclprotected": false}, "ContainedBy": null, "Members": [], "Aces": [{"RightName": "Owns", "IsInherited": false, "PrincipalSID": "ESSOS.LOCAL-S-1-5-32-544", "PrincipalType": "Group"}, {"RightName": "GenericAll", "IsInherited": false, "PrincipalSID": "S-1-5-21-2915764185-4093010455-2566636843-512", "PrincipalType": "Group"}, {"RightName": "GenericAll", "IsInherited": false, "PrincipalSID": "ESSOS.LOCAL-S-1-5-32-548", "PrincipalType": "Group"}, {"RightName": "GenericAll", "IsInherited": true, "PrincipalSID": "S-1-5-21-2915764185-4093010455-2566636843-519", "PrincipalType": "Group"}, {"RightName": "GenericWrite", "IsInherited": true, "PrincipalSID": "ESSOS.LOCAL-S-1-5-32-544", "PrincipalType": "Group"}, {"RightName": "WriteOwner", "IsInherited": true, "PrincipalSID": "ESSOS.LOCAL-S-1-5-32-544", "PrincipalType": "Group"}, {"RightName": "WriteDacl", "IsInherited": true, "PrincipalSID": "ESSOS.LOCAL-S-1-5-32-544", "PrincipalType": "Group"}], "IsDeleted": false, "IsACLProtected": false},{"ObjectIdentifier": "ESSOS.LOCAL-S-1-5-32-568", "Properties": {"domain": "ESSOS.LOCAL", "domainsid": "S-1-5-21-2915764185-4093010455-2566636843", "highvalue": false, "name": "IIS_IUSRS@ESSOS.LOCAL", "distinguishedname": "CN=IIS_IUSRS,CN=BUILTIN,DC=ESSOS,DC=LOCAL", "admincount": false, "description": "Built-in group used by Internet Information Services.", "samaccountname": "IIS_IUSRS", "whencreated": 1748976782, "isaclprotected": false}, "ContainedBy": null, "Members": [{"ObjectIdentifier": "ESSOS.LOCAL-S-1-5-17", "ObjectType": "User"}], "Aces": [{"RightName": "Owns", "IsInherited": false, "PrincipalSID": "ESSOS.LOCAL-S-1-5-32-544", "PrincipalType": "Group"}, {"RightName": "GenericAll", "IsInherited": false, "PrincipalSID": "S-1-5-21-2915764185-4093010455-2566636843-512", "PrincipalType": "Group"}, {"RightName": "GenericAll", "IsInherited": false, "PrincipalSID": "ESSOS.LOCAL-S-1-5-32-548", "PrincipalType": "Group"}, {"RightName": "GenericAll", "IsInherited": true, "PrincipalSID": "S-1-5-21-2915764185-4093010455-2566636843-519", "PrincipalType": "Group"}, {"RightName": "GenericWrite", "IsInherited": true, "PrincipalSID": "ESSOS.LOCAL-S-1-5-32-544", "PrincipalType": "Group"}, {"RightName": "WriteOwner", "IsInherited": true, "PrincipalSID": "ESSOS.LOCAL-S-1-5-32-544", "PrincipalType": "Group"}, {"RightName": "WriteDacl", "IsInherited": true, "PrincipalSID": "ESSOS.LOCAL-S-1-5-32-544", "PrincipalType": "Group"}], "IsDeleted": false, "IsACLProtected": false},{"ObjectIdentifier": "ESSOS.LOCAL-S-1-5-32-562", "Properties": {"domain": "ESSOS.LOCAL", "domainsid": "S-1-5-21-2915764185-4093010455-2566636843", "highvalue": false, "name": "DISTRIBUTED COM USERS@ESSOS.LOCAL", "distinguishedname": "CN=DISTRIBUTED COM USERS,CN=BUILTIN,DC=ESSOS,DC=LOCAL", "admincount": false, "description": "Members are allowed to launch, activate and use Distributed COM objects on this machine.", "samaccountname": "Distributed COM Users", "whencreated": 1748976782, "isaclprotected": false}, "ContainedBy": null, "Members": [], "Aces": [{"RightName": "Owns", "IsInherited": false, "PrincipalSID": "ESSOS.LOCAL-S-1-5-32-544", "PrincipalType": "Group"}, {"RightName": "GenericAll", "IsInherited": false, "PrincipalSID": "S-1-5-21-2915764185-4093010455-2566636843-512", "PrincipalType": "Group"}, {"RightName": "GenericAll", "IsInherited": false, "PrincipalSID": "ESSOS.LOCAL-S-1-5-32-548", "PrincipalType": "Group"}, {"RightName": "GenericAll", "IsInherited": true, "PrincipalSID": "S-1-5-21-2915764185-4093010455-2566636843-519", "PrincipalType": "Group"}, {"RightName": "GenericWrite", "IsInherited": true, "PrincipalSID": "ESSOS.LOCAL-S-1-5-32-544", "PrincipalType": "Group"}, {"RightName": "WriteOwner", "IsInherited": true, "PrincipalSID": "ESSOS.LOCAL-S-1-5-32-544", "PrincipalType": "Group"}, {"RightName": "WriteDacl", "IsInherited": true, "PrincipalSID": "ESSOS.LOCAL-S-1-5-32-544", "PrincipalType": "Group"}], "IsDeleted": false, "IsACLProtected": false},{"ObjectIdentifier": "ESSOS.LOCAL-S-1-5-32-559", "Properties": {"domain": "ESSOS.LOCAL", "domainsid": "S-1-5-21-2915764185-4093010455-2566636843", "highvalue": false, "name": "PERFORMANCE LOG USERS@ESSOS.LOCAL", "distinguishedname": "CN=PERFORMANCE LOG USERS,CN=BUILTIN,DC=ESSOS,DC=LOCAL", "admincount": false, "description": "Members of this group may schedule logging of performance counters, enable trace providers, and collect event traces both locally and via remote access to this computer", "samaccountname": "Performance Log Users", "whencreated": 1748976782, "isaclprotected": false}, "ContainedBy": null, "Members": [], "Aces": [{"RightName": "Owns", "IsInherited": false, "PrincipalSID": "ESSOS.LOCAL-S-1-5-32-544", "PrincipalType": "Group"}, {"RightName": "GenericAll", "IsInherited": false, "PrincipalSID": "S-1-5-21-2915764185-4093010455-2566636843-512", "PrincipalType": "Group"}, {"RightName": "GenericAll", "IsInherited": false, "PrincipalSID": "ESSOS.LOCAL-S-1-5-32-548", "PrincipalType": "Group"}, {"RightName": "GenericAll", "IsInherited": true, "PrincipalSID": "S-1-5-21-2915764185-4093010455-2566636843-519", "PrincipalType": "Group"}, {"RightName": "GenericWrite", "IsInherited": true, "PrincipalSID": "ESSOS.LOCAL-S-1-5-32-544", "PrincipalType": "Group"}, {"RightName": "WriteOwner", "IsInherited": true, "PrincipalSID": "ESSOS.LOCAL-S-1-5-32-544", "PrincipalType": "Group"}, {"RightName": "WriteDacl", "IsInherited": true, "PrincipalSID": "ESSOS.LOCAL-S-1-5-32-544", "PrincipalType": "Group"}], "IsDeleted": false, "IsACLProtected": false},{"ObjectIdentifier": "ESSOS.LOCAL-S-1-5-32-556", "Properties": {"domain": "ESSOS.LOCAL", "domainsid": "S-1-5-21-2915764185-4093010455-2566636843", "highvalue": false, "name": "NETWORK CONFIGURATION OPERATORS@ESSOS.LOCAL", "distinguishedname": "CN=NETWORK CONFIGURATION OPERATORS,CN=BUILTIN,DC=ESSOS,DC=LOCAL", "admincount": false, "description": "Members in this group can have some administrative privileges to manage configuration of networking features", "samaccountname": "Network Configuration Operators", "whencreated": 1748976782, "isaclprotected": false}, "ContainedBy": null, "Members": [], "Aces": [{"RightName": "Owns", "IsInherited": false, "PrincipalSID": "ESSOS.LOCAL-S-1-5-32-544", "PrincipalType": "Group"}, {"RightName": "GenericAll", "IsInherited": false, "PrincipalSID": "S-1-5-21-2915764185-4093010455-2566636843-512", "PrincipalType": "Group"}, {"RightName": "GenericAll", "IsInherited": false, "PrincipalSID": "ESSOS.LOCAL-S-1-5-32-548", "PrincipalType": "Group"}, {"RightName": "GenericAll", "IsInherited": true, "PrincipalSID": "S-1-5-21-2915764185-4093010455-2566636843-519", "PrincipalType": "Group"}, {"RightName": "GenericWrite", "IsInherited": true, "PrincipalSID": "ESSOS.LOCAL-S-1-5-32-544", "PrincipalType": "Group"}, {"RightName": "WriteOwner", "IsInherited": true, "PrincipalSID": "ESSOS.LOCAL-S-1-5-32-544", "PrincipalType": "Group"}, {"RightName": "WriteDacl", "IsInherited": true, "PrincipalSID": "ESSOS.LOCAL-S-1-5-32-544", "PrincipalType": "Group"}], "IsDeleted": false, "IsACLProtected": false},{"ObjectIdentifier": "ESSOS.LOCAL-S-1-5-32-558", "Properties": {"domain": "ESSOS.LOCAL", "domainsid": "S-1-5-21-2915764185-4093010455-2566636843", "highvalue": false, "name": "PERFORMANCE MONITOR USERS@ESSOS.LOCAL", "distinguishedname": "CN=PERFORMANCE MONITOR USERS,CN=BUILTIN,DC=ESSOS,DC=LOCAL", "admincount": false, "description": "Members of this group can access performance counter data locally and remotely", "samaccountname": "Performance Monitor Users", "whencreated": 1748976782, "isaclprotected": false}, "ContainedBy": null, "Members": [], "Aces": [{"RightName": "Owns", "IsInherited": false, "PrincipalSID": "ESSOS.LOCAL-S-1-5-32-544", "PrincipalType": "Group"}, {"RightName": "GenericAll", "IsInherited": false, "PrincipalSID": "S-1-5-21-2915764185-4093010455-2566636843-512", "PrincipalType": "Group"}, {"RightName": "GenericAll", "IsInherited": false, "PrincipalSID": "ESSOS.LOCAL-S-1-5-32-548", "PrincipalType": "Group"}, {"RightName": "GenericAll", "IsInherited": true, "PrincipalSID": "S-1-5-21-2915764185-4093010455-2566636843-519", "PrincipalType": "Group"}, {"RightName": "GenericWrite", "IsInherited": true, "PrincipalSID": "ESSOS.LOCAL-S-1-5-32-544", "PrincipalType": "Group"}, {"RightName": "WriteOwner", "IsInherited": true, "PrincipalSID": "ESSOS.LOCAL-S-1-5-32-544", "PrincipalType": "Group"}, {"RightName": "WriteDacl", "IsInherited": true, "PrincipalSID": "ESSOS.LOCAL-S-1-5-32-544", "PrincipalType": "Group"}], "IsDeleted": false, "IsACLProtected": false},{"ObjectIdentifier": "ESSOS.LOCAL-S-1-5-32-552", "Properties": {"domain": "ESSOS.LOCAL", "domainsid": "S-1-5-21-2915764185-4093010455-2566636843", "highvalue": false, "name": "REPLICATOR@ESSOS.LOCAL", "distinguishedname": "CN=REPLICATOR,CN=BUILTIN,DC=ESSOS,DC=LOCAL", "admincount": true, "description": "Supports file replication in a domain", "samaccountname": "Replicator", "whencreated": 1748976782, "isaclprotected": true}, "ContainedBy": null, "Members": [], "Aces": [{"RightName": "Owns", "IsInherited": false, "PrincipalSID": "S-1-5-21-2915764185-4093010455-2566636843-512", "PrincipalType": "Group"}, {"RightName": "GenericWrite", "IsInherited": false, "PrincipalSID": "S-1-5-21-2915764185-4093010455-2566636843-512", "PrincipalType": "Group"}, {"RightName": "WriteOwner", "IsInherited": false, "PrincipalSID": "S-1-5-21-2915764185-4093010455-2566636843-512", "PrincipalType": "Group"}, {"RightName": "WriteDacl", "IsInherited": false, "PrincipalSID": "S-1-5-21-2915764185-4093010455-2566636843-512", "PrincipalType": "Group"}, {"RightName": "GenericWrite", "IsInherited": false, "PrincipalSID": "S-1-5-21-2915764185-4093010455-2566636843-519", "PrincipalType": "Group"}, {"RightName": "WriteOwner", "IsInherited": false, "PrincipalSID": "S-1-5-21-2915764185-4093010455-2566636843-519", "PrincipalType": "Group"}, {"RightName": "WriteDacl", "IsInherited": false, "PrincipalSID": "S-1-5-21-2915764185-4093010455-2566636843-519", "PrincipalType": "Group"}, {"RightName": "GenericWrite", "IsInherited": false, "PrincipalSID": "ESSOS.LOCAL-S-1-5-32-544", "PrincipalType": "Group"}, {"RightName": "WriteOwner", "IsInherited": false, "PrincipalSID": "ESSOS.LOCAL-S-1-5-32-544", "PrincipalType": "Group"}, {"RightName": "WriteDacl", "IsInherited": false, "PrincipalSID": "ESSOS.LOCAL-S-1-5-32-544", "PrincipalType": "Group"}], "IsDeleted": false, "IsACLProtected": true},{"ObjectIdentifier": "ESSOS.LOCAL-S-1-5-32-555", "Properties": {"domain": "ESSOS.LOCAL", "domainsid": "S-1-5-21-2915764185-4093010455-2566636843", "highvalue": false, "name": "REMOTE DESKTOP USERS@ESSOS.LOCAL", "distinguishedname": "CN=REMOTE DESKTOP USERS,CN=BUILTIN,DC=ESSOS,DC=LOCAL", "admincount": false, "description": "Members in this group are granted the right to logon remotely", "samaccountname": "Remote Desktop Users", "whencreated": 1748976782, "isaclprotected": false}, "ContainedBy": null, "Members": [{"ObjectIdentifier": "S-1-5-21-2915764185-4093010455-2566636843-1107", "ObjectType": "Group"}], "Aces": [{"RightName": "Owns", "IsInherited": false, "PrincipalSID": "ESSOS.LOCAL-S-1-5-32-544", "PrincipalType": "Group"}, {"RightName": "GenericAll", "IsInherited": false, "PrincipalSID": "S-1-5-21-2915764185-4093010455-2566636843-512", "PrincipalType": "Group"}, {"RightName": "GenericAll", "IsInherited": false, "PrincipalSID": "ESSOS.LOCAL-S-1-5-32-548", "PrincipalType": "Group"}, {"RightName": "GenericAll", "IsInherited": true, "PrincipalSID": "S-1-5-21-2915764185-4093010455-2566636843-519", "PrincipalType": "Group"}, {"RightName": "GenericWrite", "IsInherited": true, "PrincipalSID": "ESSOS.LOCAL-S-1-5-32-544", "PrincipalType": "Group"}, {"RightName": "WriteOwner", "IsInherited": true, "PrincipalSID": "ESSOS.LOCAL-S-1-5-32-544", "PrincipalType": "Group"}, {"RightName": "WriteDacl", "IsInherited": true, "PrincipalSID": "ESSOS.LOCAL-S-1-5-32-544", "PrincipalType": "Group"}], "IsDeleted": false, "IsACLProtected": false},{"ObjectIdentifier": "ESSOS.LOCAL-S-1-5-32-551", "Properties": {"domain": "ESSOS.LOCAL", "domainsid": "S-1-5-21-2915764185-4093010455-2566636843", "highvalue": true, "name": "BACKUP OPERATORS@ESSOS.LOCAL", "distinguishedname": "CN=BACKUP OPERATORS,CN=BUILTIN,DC=ESSOS,DC=LOCAL", "admincount": true, "description": "Backup Operators can override security restrictions for the sole purpose of backing up or restoring files", "samaccountname": "Backup Operators", "whencreated": 1748976782, "isaclprotected": true}, "ContainedBy": null, "Members": [], "Aces": [{"RightName": "Owns", "IsInherited": false, "PrincipalSID": "S-1-5-21-2915764185-4093010455-2566636843-512", "PrincipalType": "Group"}, {"RightName": "GenericWrite", "IsInherited": false, "PrincipalSID": "S-1-5-21-2915764185-4093010455-2566636843-512", "PrincipalType": "Group"}, {"RightName": "WriteOwner", "IsInherited": false, "PrincipalSID": "S-1-5-21-2915764185-4093010455-2566636843-512", "PrincipalType": "Group"}, {"RightName": "WriteDacl", "IsInherited": false, "PrincipalSID": "S-1-5-21-2915764185-4093010455-2566636843-512", "PrincipalType": "Group"}, {"RightName": "GenericWrite", "IsInherited": false, "PrincipalSID": "S-1-5-21-2915764185-4093010455-2566636843-519", "PrincipalType": "Group"}, {"RightName": "WriteOwner", "IsInherited": false, "PrincipalSID": "S-1-5-21-2915764185-4093010455-2566636843-519", "PrincipalType": "Group"}, {"RightName": "WriteDacl", "IsInherited": false, "PrincipalSID": "S-1-5-21-2915764185-4093010455-2566636843-519", "PrincipalType": "Group"}, {"RightName": "GenericWrite", "IsInherited": false, "PrincipalSID": "ESSOS.LOCAL-S-1-5-32-544", "PrincipalType": "Group"}, {"RightName": "WriteOwner", "IsInherited": false, "PrincipalSID": "ESSOS.LOCAL-S-1-5-32-544", "PrincipalType": "Group"}, {"RightName": "WriteDacl", "IsInherited": false, "PrincipalSID": "ESSOS.LOCAL-S-1-5-32-544", "PrincipalType": "Group"}], "IsDeleted": false, "IsACLProtected": true},{"ObjectIdentifier": "ESSOS.LOCAL-S-1-5-32-550", "Properties": {"domain": "ESSOS.LOCAL", "domainsid": "S-1-5-21-2915764185-4093010455-2566636843", "highvalue": true, "name": "PRINT OPERATORS@ESSOS.LOCAL", "distinguishedname": "CN=PRINT OPERATORS,CN=BUILTIN,DC=ESSOS,DC=LOCAL", "admincount": true, "description": "Members can administer printers installed on domain controllers", "samaccountname": "Print Operators", "whencreated": 1748976782, "isaclprotected": true}, "ContainedBy": null, "Members": [], "Aces": [{"RightName": "Owns", "IsInherited": false, "PrincipalSID": "S-1-5-21-2915764185-4093010455-2566636843-512", "PrincipalType": "Group"}, {"RightName": "GenericWrite", "IsInherited": false, "PrincipalSID": "S-1-5-21-2915764185-4093010455-2566636843-512", "PrincipalType": "Group"}, {"RightName": "WriteOwner", "IsInherited": false, "PrincipalSID": "S-1-5-21-2915764185-4093010455-2566636843-512", "PrincipalType": "Group"}, {"RightName": "WriteDacl", "IsInherited": false, "PrincipalSID": "S-1-5-21-2915764185-4093010455-2566636843-512", "PrincipalType": "Group"}, {"RightName": "GenericWrite", "IsInherited": false, "PrincipalSID": "S-1-5-21-2915764185-4093010455-2566636843-519", "PrincipalType": "Group"}, {"RightName": "WriteOwner", "IsInherited": false, "PrincipalSID": "S-1-5-21-2915764185-4093010455-2566636843-519", "PrincipalType": "Group"}, {"RightName": "WriteDacl", "IsInherited": false, "PrincipalSID": "S-1-5-21-2915764185-4093010455-2566636843-519", "PrincipalType": "Group"}, {"RightName": "GenericWrite", "IsInherited": false, "PrincipalSID": "ESSOS.LOCAL-S-1-5-32-544", "PrincipalType": "Group"}, {"RightName": "WriteOwner", "IsInherited": false, "PrincipalSID": "ESSOS.LOCAL-S-1-5-32-544", "PrincipalType": "Group"}, {"RightName": "WriteDacl", "IsInherited": false, "PrincipalSID": "ESSOS.LOCAL-S-1-5-32-544", "PrincipalType": "Group"}], "IsDeleted": false, "IsACLProtected": true},{"ObjectIdentifier": "ESSOS.LOCAL-S-1-5-32-545", "Properties": {"domain": "ESSOS.LOCAL", "domainsid": "S-1-5-21-2915764185-4093010455-2566636843", "highvalue": false, "name": "USERS@ESSOS.LOCAL", "distinguishedname": "CN=USERS,CN=BUILTIN,DC=ESSOS,DC=LOCAL", "admincount": false, "description": "Users are prevented from making accidental or intentional system-wide changes and can run most applications", "samaccountname": "Users", "whencreated": 1748976782, "isaclprotected": false}, "ContainedBy": null, "Members": [{"ObjectIdentifier": "S-1-5-21-2915764185-4093010455-2566636843-513", "ObjectType": "Group"}, {"ObjectIdentifier": "ESSOS.LOCAL-S-1-5-11", "ObjectType": "Group"}, {"ObjectIdentifier": "ESSOS.LOCAL-S-1-5-4", "ObjectType": "Group"}, {"ObjectIdentifier": "S-1-5-21-2915764185-4093010455-2566636843-1000", "ObjectType": "User"}], "Aces": [{"RightName": "Owns", "IsInherited": false, "PrincipalSID": "ESSOS.LOCAL-S-1-5-32-544", "PrincipalType": "Group"}, {"RightName": "GenericAll", "IsInherited": false, "PrincipalSID": "S-1-5-21-2915764185-4093010455-2566636843-512", "PrincipalType": "Group"}, {"RightName": "GenericAll", "IsInherited": false, "PrincipalSID": "ESSOS.LOCAL-S-1-5-32-548", "PrincipalType": "Group"}, {"RightName": "GenericAll", "IsInherited": true, "PrincipalSID": "S-1-5-21-2915764185-4093010455-2566636843-519", "PrincipalType": "Group"}, {"RightName": "GenericWrite", "IsInherited": true, "PrincipalSID": "ESSOS.LOCAL-S-1-5-32-544", "PrincipalType": "Group"}, {"RightName": "WriteOwner", "IsInherited": true, "PrincipalSID": "ESSOS.LOCAL-S-1-5-32-544", "PrincipalType": "Group"}, {"RightName": "WriteDacl", "IsInherited": true, "PrincipalSID": "ESSOS.LOCAL-S-1-5-32-544", "PrincipalType": "Group"}], "IsDeleted": false, "IsACLProtected": false},{"ObjectIdentifier": "ESSOS.LOCAL-S-1-5-32-544", "Properties": {"domain": "ESSOS.LOCAL", "domainsid": "S-1-5-21-2915764185-4093010455-2566636843", "highvalue": true, "name": "ADMINISTRATORS@ESSOS.LOCAL", "distinguishedname": "CN=ADMINISTRATORS,CN=BUILTIN,DC=ESSOS,DC=LOCAL", "admincount": true, "description": "Administrators have complete and unrestricted access to the computer/domain", "samaccountname": "Administrators", "whencreated": 1748976782, "isaclprotected": true}, "ContainedBy": null, "Members": [{"ObjectIdentifier": "S-1-5-21-2915764185-4093010455-2566636843-1113", "ObjectType": "User"}, {"ObjectIdentifier": "S-1-5-21-2915764185-4093010455-2566636843-1106", "ObjectType": "Group"}, {"ObjectIdentifier": "S-1-5-21-2915764185-4093010455-2566636843-512", "ObjectType": "Group"}, {"ObjectIdentifier": "S-1-5-21-2915764185-4093010455-2566636843-519", "ObjectType": "Group"}, {"ObjectIdentifier": "S-1-5-21-2915764185-4093010455-2566636843-1000", "ObjectType": "User"}, {"ObjectIdentifier": "S-1-5-21-2915764185-4093010455-2566636843-500", "ObjectType": "User"}], "Aces": [{"RightName": "Owns", "IsInherited": false, "PrincipalSID": "S-1-5-21-2915764185-4093010455-2566636843-512", "PrincipalType": "Group"}, {"RightName": "GenericWrite", "IsInherited": false, "PrincipalSID": "S-1-5-21-2915764185-4093010455-2566636843-512", "PrincipalType": "Group"}, {"RightName": "WriteOwner", "IsInherited": false, "PrincipalSID": "S-1-5-21-2915764185-4093010455-2566636843-512", "PrincipalType": "Group"}, {"RightName": "WriteDacl", "IsInherited": false, "PrincipalSID": "S-1-5-21-2915764185-4093010455-2566636843-512", "PrincipalType": "Group"}, {"RightName": "GenericWrite", "IsInherited": false, "PrincipalSID": "S-1-5-21-2915764185-4093010455-2566636843-519", "PrincipalType": "Group"}, {"RightName": "WriteOwner", "IsInherited": false, "PrincipalSID": "S-1-5-21-2915764185-4093010455-2566636843-519", "PrincipalType": "Group"}, {"RightName": "WriteDacl", "IsInherited": false, "PrincipalSID": "S-1-5-21-2915764185-4093010455-2566636843-519", "PrincipalType": "Group"}, {"RightName": "GenericWrite", "IsInherited": false, "PrincipalSID": "ESSOS.LOCAL-S-1-5-32-544", "PrincipalType": "Group"}, {"RightName": "WriteOwner", "IsInherited": false, "PrincipalSID": "ESSOS.LOCAL-S-1-5-32-544", "PrincipalType": "Group"}, {"RightName": "WriteDacl", "IsInherited": false, "PrincipalSID": "ESSOS.LOCAL-S-1-5-32-544", "PrincipalType": "Group"}], "IsDeleted": false, "IsACLProtected": true},{"ObjectIdentifier": "ESSOS.LOCAL-S-1-5-32-546", "Properties": {"domain": "ESSOS.LOCAL", "domainsid": "S-1-5-21-2915764185-4093010455-2566636843", "highvalue": false, "name": "GUESTS@ESSOS.LOCAL", "distinguishedname": "CN=GUESTS,CN=BUILTIN,DC=ESSOS,DC=LOCAL", "admincount": false, "description": "Guests have the same access as members of the Users group by default, except for the Guest account which is further restricted", "samaccountname": "Guests", "whencreated": 1748976782, "isaclprotected": false}, "ContainedBy": null, "Members": [{"ObjectIdentifier": "S-1-5-21-2915764185-4093010455-2566636843-514", "ObjectType": "Group"}, {"ObjectIdentifier": "S-1-5-21-2915764185-4093010455-2566636843-501", "ObjectType": "User"}], "Aces": [{"RightName": "Owns", "IsInherited": false, "PrincipalSID": "ESSOS.LOCAL-S-1-5-32-544", "PrincipalType": "Group"}, {"RightName": "GenericAll", "IsInherited": false, "PrincipalSID": "S-1-5-21-2915764185-4093010455-2566636843-512", "PrincipalType": "Group"}, {"RightName": "GenericAll", "IsInherited": false, "PrincipalSID": "ESSOS.LOCAL-S-1-5-32-548", "PrincipalType": "Group"}, {"RightName": "GenericAll", "IsInherited": true, "PrincipalSID": "S-1-5-21-2915764185-4093010455-2566636843-519", "PrincipalType": "Group"}, {"RightName": "GenericWrite", "IsInherited": true, "PrincipalSID": "ESSOS.LOCAL-S-1-5-32-544", "PrincipalType": "Group"}, {"RightName": "WriteOwner", "IsInherited": true, "PrincipalSID": "ESSOS.LOCAL-S-1-5-32-544", "PrincipalType": "Group"}, {"RightName": "WriteDacl", "IsInherited": true, "PrincipalSID": "ESSOS.LOCAL-S-1-5-32-544", "PrincipalType": "Group"}], "IsDeleted": false, "IsACLProtected": false}],"meta":{"methods":0,"type":"groups","count":60, "version":6}}