{"data":[{"ObjectIdentifier": "55DEEC22-CA4D-4C01-9649-80BC6C576EE4", "Properties": {"domain": "ESSOS.LOCAL", "name": "DOMAIN CONTROLLERS@ESSOS.LOCAL", "distinguishedname": "OU=DOMAIN CONTROLLERS,DC=ESSOS,DC=LOCAL", "domainsid": "S-1-5-21-2915764185-4093010455-2566636843", "highvalue": false, "blocksinheritance": false, "description": "Default container for domain controllers", "whencreated": 1748976781, "isaclprotected": false}, "IsDeleted": false, "IsACLProtected": false, "Aces": [{"RightName": "Owns", "IsInherited": false, "PrincipalSID": "S-1-5-21-2915764185-4093010455-2566636843-512", "PrincipalType": "Group"}, {"RightName": "GenericWrite", "IsInherited": false, "PrincipalSID": "S-1-5-21-2915764185-4093010455-2566636843-512", "PrincipalType": "Group"}, {"RightName": "WriteOwner", "IsInherited": false, "PrincipalSID": "S-1-5-21-2915764185-4093010455-2566636843-512", "PrincipalType": "Group"}, {"RightName": "WriteDacl", "IsInherited": false, "PrincipalSID": "S-1-5-21-2915764185-4093010455-2566636843-512", "PrincipalType": "Group"}, {"RightName": "GenericAll", "IsInherited": true, "PrincipalSID": "S-1-5-21-2915764185-4093010455-2566636843-519", "PrincipalType": "Group"}, {"RightName": "GenericWrite", "IsInherited": true, "PrincipalSID": "ESSOS.LOCAL-S-1-5-32-544", "PrincipalType": "Group"}, {"RightName": "WriteOwner", "IsInherited": true, "PrincipalSID": "ESSOS.LOCAL-S-1-5-32-544", "PrincipalType": "Group"}, {"RightName": "WriteDacl", "IsInherited": true, "PrincipalSID": "ESSOS.LOCAL-S-1-5-32-544", "PrincipalType": "Group"}], "Links": [{"IsEnforced": false, "GUID": "B2C6D8F5-3B67-4D56-B898-B11DDE2A70CE"}], "ChildObjects": [{"ObjectIdentifier": "S-1-5-21-2915764185-4093010455-2566636843-1001", "ObjectType": "Computer"}], "GPOChanges": {"AffectedComputers": [], "DcomUsers": [], "LocalAdmins": [], "PSRemoteUsers": [], "RemoteDesktopUsers": []}},{"ObjectIdentifier": "FEA347E3-4252-4243-9258-7994CA0AD7F7", "Properties": {"domain": "ESSOS.LOCAL", "name": "LAPS@ESSOS.LOCAL", "distinguishedname": "OU=LAPS,DC=ESSOS,DC=LOCAL", "domainsid": "S-1-5-21-2915764185-4093010455-2566636843", "highvalue": false, "blocksinheritance": false, "description": null, "whencreated": 1748979172, "isaclprotected": false}, "IsDeleted": false, "IsACLProtected": false, "Aces": [{"RightName": "GenericAll", "IsInherited": false, "PrincipalSID": "S-1-5-21-2915764185-4093010455-2566636843-512", "PrincipalType": "Group"}, {"RightName": "GenericAll", "IsInherited": true, "PrincipalSID": "S-1-5-21-2915764185-4093010455-2566636843-519", "PrincipalType": "Group"}, {"RightName": "GenericWrite", "IsInherited": true, "PrincipalSID": "ESSOS.LOCAL-S-1-5-32-544", "PrincipalType": "Group"}, {"RightName": "WriteOwner", "IsInherited": true, "PrincipalSID": "ESSOS.LOCAL-S-1-5-32-544", "PrincipalType": "Group"}, {"RightName": "WriteDacl", "IsInherited": true, "PrincipalSID": "ESSOS.LOCAL-S-1-5-32-544", "PrincipalType": "Group"}], "Links": [{"IsEnforced": true, "GUID": "32993A77-803D-4BEA-9E6C-03EB2F174F4B"}], "ChildObjects": [{"ObjectIdentifier": "S-1-5-21-2915764185-4093010455-2566636843-1104", "ObjectType": "Computer"}], "GPOChanges": {"AffectedComputers": [], "DcomUsers": [], "LocalAdmins": [], "PSRemoteUsers": [], "RemoteDesktopUsers": []}}],"meta":{"methods":0,"type":"ous","count":2, "version":6}}