{"data":[{"ObjectIdentifier": "32993A77-803D-4BEA-9E6C-03EB2F174F4B", "Properties": {"domain": "ESSOS.LOCAL", "name": "ANSIBLE-LAPS@ESSOS.LOCAL", "distinguishedname": "CN={FB3AD5AF-6656-4A7D-9FA1-D79B0F0241B1},CN=POLICIES,CN=SYSTEM,DC=ESSOS,DC=LOCAL", "domainsid": "S-1-5-21-2915764185-4093010455-2566636843", "highvalue": false, "gpcpath": "\\\\ESSOS.LOCAL\\SYSVOL\\ESSOS.LOCAL\\POLICIES\\{FB3AD5AF-6656-4A7D-9FA1-D79B0F0241B1}", "description": "", "whencreated": 1748979184, "isaclprotected": true}, "IsDeleted": false, "IsACLProtected": true, "Aces": [{"RightName": "Owns", "IsInherited": false, "PrincipalSID": "S-1-5-21-2915764185-4093010455-2566636843-1000", "PrincipalType": "User"}, {"RightName": "GenericWrite", "IsInherited": false, "PrincipalSID": "S-1-5-21-2915764185-4093010455-2566636843-1000", "PrincipalType": "User"}, {"RightName": "WriteOwner", "IsInherited": false, "PrincipalSID": "S-1-5-21-2915764185-4093010455-2566636843-1000", "PrincipalType": "User"}, {"RightName": "WriteDacl", "IsInherited": false, "PrincipalSID": "S-1-5-21-2915764185-4093010455-2566636843-1000", "PrincipalType": "User"}, {"RightName": "GenericWrite", "IsInherited": false, "PrincipalSID": "S-1-5-21-2915764185-4093010455-2566636843-512", "PrincipalType": "Group"}, {"RightName": "WriteOwner", "IsInherited": false, "PrincipalSID": "S-1-5-21-2915764185-4093010455-2566636843-512", "PrincipalType": "Group"}, {"RightName": "WriteDacl", "IsInherited": false, "PrincipalSID": "S-1-5-21-2915764185-4093010455-2566636843-512", "PrincipalType": "Group"}, {"RightName": "GenericWrite", "IsInherited": false, "PrincipalSID": "S-1-5-21-2915764185-4093010455-2566636843-519", "PrincipalType": "Group"}, {"RightName": "WriteOwner", "IsInherited": false, "PrincipalSID": "S-1-5-21-2915764185-4093010455-2566636843-519", "PrincipalType": "Group"}, {"RightName": "WriteDacl", "IsInherited": false, "PrincipalSID": "S-1-5-21-2915764185-4093010455-2566636843-519", "PrincipalType": "Group"}]},{"ObjectIdentifier": "7123E77A-5664-48F9-9B03-1B395313F29A", "Properties": {"domain": "ESSOS.LOCAL", "name": "DEFAULT DOMAIN POLICY@ESSOS.LOCAL", "distinguishedname": "CN={31B2F340-016D-11D2-945F-00C04FB984F9},CN=POLICIES,CN=SYSTEM,DC=ESSOS,DC=LOCAL", "domainsid": "S-1-5-21-2915764185-4093010455-2566636843", "highvalue": false, "gpcpath": "\\\\ESSOS.LOCAL\\SYSVOL\\ESSOS.LOCAL\\POLICIES\\{31B2F340-016D-11D2-945F-00C04FB984F9}", "description": "", "whencreated": 1748976781, "isaclprotected": true}, "IsDeleted": false, "IsACLProtected": true, "Aces": [{"RightName": "Owns", "IsInherited": false, "PrincipalSID": "S-1-5-21-2915764185-4093010455-2566636843-512", "PrincipalType": "Group"}, {"RightName": "GenericWrite", "IsInherited": false, "PrincipalSID": "S-1-5-21-2915764185-4093010455-2566636843-512", "PrincipalType": "Group"}, {"RightName": "WriteOwner", "IsInherited": false, "PrincipalSID": "S-1-5-21-2915764185-4093010455-2566636843-512", "PrincipalType": "Group"}, {"RightName": "WriteDacl", "IsInherited": false, "PrincipalSID": "S-1-5-21-2915764185-4093010455-2566636843-512", "PrincipalType": "Group"}, {"RightName": "GenericWrite", "IsInherited": false, "PrincipalSID": "S-1-5-21-2915764185-4093010455-2566636843-519", "PrincipalType": "Group"}, {"RightName": "WriteOwner", "IsInherited": false, "PrincipalSID": "S-1-5-21-2915764185-4093010455-2566636843-519", "PrincipalType": "Group"}, {"RightName": "WriteDacl", "IsInherited": false, "PrincipalSID": "S-1-5-21-2915764185-4093010455-2566636843-519", "PrincipalType": "Group"}, {"RightName": "GenericWrite", "IsInherited": false, "PrincipalSID": "S-1-5-21-2915764185-4093010455-2566636843-512", "PrincipalType": "Group"}, {"RightName": "WriteOwner", "IsInherited": false, "PrincipalSID": "S-1-5-21-2915764185-4093010455-2566636843-512", "PrincipalType": "Group"}, {"RightName": "WriteDacl", "IsInherited": false, "PrincipalSID": "S-1-5-21-2915764185-4093010455-2566636843-512", "PrincipalType": "Group"}]},{"ObjectIdentifier": "B2C6D8F5-3B67-4D56-B898-B11DDE2A70CE", "Properties": {"domain": "ESSOS.LOCAL", "name": "DEFAULT DOMAIN CONTROLLERS POLICY@ESSOS.LOCAL", "distinguishedname": "CN={6AC1786C-016F-11D2-945F-00C04FB984F9},CN=POLICIES,CN=SYSTEM,DC=ESSOS,DC=LOCAL", "domainsid": "S-1-5-21-2915764185-4093010455-2566636843", "highvalue": false, "gpcpath": "\\\\ESSOS.LOCAL\\SYSVOL\\ESSOS.LOCAL\\POLICIES\\{6AC1786C-016F-11D2-945F-00C04FB984F9}", "description": "", "whencreated": 1748976781, "isaclprotected": true}, "IsDeleted": false, "IsACLProtected": true, "Aces": [{"RightName": "Owns", "IsInherited": false, "PrincipalSID": "S-1-5-21-2915764185-4093010455-2566636843-512", "PrincipalType": "Group"}, {"RightName": "GenericWrite", "IsInherited": false, "PrincipalSID": "S-1-5-21-2915764185-4093010455-2566636843-512", "PrincipalType": "Group"}, {"RightName": "WriteOwner", "IsInherited": false, "PrincipalSID": "S-1-5-21-2915764185-4093010455-2566636843-512", "PrincipalType": "Group"}, {"RightName": "WriteDacl", "IsInherited": false, "PrincipalSID": "S-1-5-21-2915764185-4093010455-2566636843-512", "PrincipalType": "Group"}, {"RightName": "GenericWrite", "IsInherited": false, "PrincipalSID": "S-1-5-21-2915764185-4093010455-2566636843-519", "PrincipalType": "Group"}, {"RightName": "WriteOwner", "IsInherited": false, "PrincipalSID": "S-1-5-21-2915764185-4093010455-2566636843-519", "PrincipalType": "Group"}, {"RightName": "WriteDacl", "IsInherited": false, "PrincipalSID": "S-1-5-21-2915764185-4093010455-2566636843-519", "PrincipalType": "Group"}, {"RightName": "GenericWrite", "IsInherited": false, "PrincipalSID": "S-1-5-21-2915764185-4093010455-2566636843-512", "PrincipalType": "Group"}, {"RightName": "WriteOwner", "IsInherited": false, "PrincipalSID": "S-1-5-21-2915764185-4093010455-2566636843-512", "PrincipalType": "Group"}, {"RightName": "WriteDacl", "IsInherited": false, "PrincipalSID": "S-1-5-21-2915764185-4093010455-2566636843-512", "PrincipalType": "Group"}]}],"meta":{"methods":0,"type":"gpos","count":3, "version":6}}