{"data":[{"ObjectIdentifier": "166724B2-F542-45A1-A044-F73E71079B30", "Properties": {"domain": "ESSOS.LOCAL", "name": "WMIGPO@ESSOS.LOCAL", "distinguishedname": "CN=WMIGPO,CN=WMIPOLICY,CN=SYSTEM,DC=ESSOS,DC=LOCAL", "domainsid": "S-1-5-21-2915764185-4093010455-2566636843", "highvalue": false, "description": "", "whencreated": 1748976781, "isaclprotected": false}, "IsDeleted": false, "IsACLProtected": false, "ContainedBy": null, "Aces": [{"RightName": "Owns", "IsInherited": false, "PrincipalSID": "S-1-5-21-2915764185-4093010455-2566636843-512", "PrincipalType": "Group"}, {"RightName": "WriteOwner", "IsInherited": false, "PrincipalSID": "S-1-5-21-2915764185-4093010455-2566636843-512", "PrincipalType": "Group"}, {"RightName": "WriteDacl", "IsInherited": false, "PrincipalSID": "S-1-5-21-2915764185-4093010455-2566636843-512", "PrincipalType": "Group"}, {"RightName": "GenericAll", "IsInherited": true, "PrincipalSID": "S-1-5-21-2915764185-4093010455-2566636843-519", "PrincipalType": "Group"}, {"RightName": "GenericAll", "IsInherited": true, "PrincipalSID": "S-1-5-21-2915764185-4093010455-2566636843-512", "PrincipalType": "Group"}], "ChildObjects": []},{"ObjectIdentifier": "95795259-722F-4D00-83F1-019CD057A59A", "Properties": {"domain": "ESSOS.LOCAL", "name": "POLICYTYPE@ESSOS.LOCAL", "distinguishedname": "CN=POLICYTYPE,CN=WMIPOLICY,CN=SYSTEM,DC=ESSOS,DC=LOCAL", "domainsid": "S-1-5-21-2915764185-4093010455-2566636843", "highvalue": false, "description": "", "whencreated": 1748976781, "isaclprotected": false}, "IsDeleted": false, "IsACLProtected": false, "ContainedBy": null, "Aces": [{"RightName": "Owns", "IsInherited": false, "PrincipalSID": "S-1-5-21-2915764185-4093010455-2566636843-512", "PrincipalType": "Group"}, {"RightName": "WriteOwner", "IsInherited": false, "PrincipalSID": "S-1-5-21-2915764185-4093010455-2566636843-512", "PrincipalType": "Group"}, {"RightName": "WriteDacl", "IsInherited": false, "PrincipalSID": "S-1-5-21-2915764185-4093010455-2566636843-512", "PrincipalType": "Group"}, {"RightName": "GenericAll", "IsInherited": true, "PrincipalSID": "S-1-5-21-2915764185-4093010455-2566636843-519", "PrincipalType": "Group"}, {"RightName": "GenericAll", "IsInherited": true, "PrincipalSID": "S-1-5-21-2915764185-4093010455-2566636843-512", "PrincipalType": "Group"}], "ChildObjects": []},{"ObjectIdentifier": "32DCA536-CCF4-40B2-B901-0C5600A00830", "Properties": {"domain": "ESSOS.LOCAL", "name": "SOM@ESSOS.LOCAL", "distinguishedname": "CN=SOM,CN=WMIPOLICY,CN=SYSTEM,DC=ESSOS,DC=LOCAL", "domainsid": "S-1-5-21-2915764185-4093010455-2566636843", "highvalue": false, "description": "", "whencreated": 1748976781, "isaclprotected": true}, "IsDeleted": false, "IsACLProtected": true, "ContainedBy": null, "Aces": [{"RightName": "Owns", "IsInherited": false, "PrincipalSID": "S-1-5-21-2915764185-4093010455-2566636843-512", "PrincipalType": "Group"}, {"RightName": "GenericAll", "IsInherited": false, "PrincipalSID": "S-1-5-21-2915764185-4093010455-2566636843-512", "PrincipalType": "Group"}, {"RightName": "GenericAll", "IsInherited": false, "PrincipalSID": "S-1-5-21-2915764185-4093010455-2566636843-519", "PrincipalType": "Group"}], "ChildObjects": []},{"ObjectIdentifier": "A6E7AF6A-36DC-49AF-B0D0-B4EE8CC04DF7", "Properties": {"domain": "ESSOS.LOCAL", "name": "POLICYTEMPLATE@ESSOS.LOCAL", "distinguishedname": "CN=POLICYTEMPLATE,CN=WMIPOLICY,CN=SYSTEM,DC=ESSOS,DC=LOCAL", "domainsid": "S-1-5-21-2915764185-4093010455-2566636843", "highvalue": false, "description": "", "whencreated": 1748976781, "isaclprotected": false}, "IsDeleted": false, "IsACLProtected": false, "ContainedBy": null, "Aces": [{"RightName": "Owns", "IsInherited": false, "PrincipalSID": "S-1-5-21-2915764185-4093010455-2566636843-512", "PrincipalType": "Group"}, {"RightName": "WriteOwner", "IsInherited": false, "PrincipalSID": "S-1-5-21-2915764185-4093010455-2566636843-512", "PrincipalType": "Group"}, {"RightName": "WriteDacl", "IsInherited": false, "PrincipalSID": "S-1-5-21-2915764185-4093010455-2566636843-512", "PrincipalType": "Group"}, {"RightName": "GenericAll", "IsInherited": true, "PrincipalSID": "S-1-5-21-2915764185-4093010455-2566636843-519", "PrincipalType": "Group"}, {"RightName": "GenericAll", "IsInherited": true, "PrincipalSID": "S-1-5-21-2915764185-4093010455-2566636843-512", "PrincipalType": "Group"}], "ChildObjects": []},{"ObjectIdentifier": "AEE15B90-D010-4D44-AF18-BA035DEB24ED", "Properties": {"domain": "ESSOS.LOCAL", "name": "WMIPOLICY@ESSOS.LOCAL", "distinguishedname": "CN=WMIPOLICY,CN=SYSTEM,DC=ESSOS,DC=LOCAL", "domainsid": "S-1-5-21-2915764185-4093010455-2566636843", "highvalue": false, "description": "", "whencreated": 1748976781, "isaclprotected": true}, "IsDeleted": false, "IsACLProtected": true, "ContainedBy": null, "Aces": [{"RightName": "Owns", "IsInherited": false, "PrincipalSID": "S-1-5-21-2915764185-4093010455-2566636843-512", "PrincipalType": "Group"}, {"RightName": "GenericAll", "IsInherited": false, "PrincipalSID": "S-1-5-21-2915764185-4093010455-2566636843-519", "PrincipalType": "Group"}, {"RightName": "GenericAll", "IsInherited": false, "PrincipalSID": "S-1-5-21-2915764185-4093010455-2566636843-512", "PrincipalType": "Group"}], "ChildObjects": []},{"ObjectIdentifier": "570F5D21-0B26-4330-A12B-9B24F2E55B51", "Properties": {"domain": "ESSOS.LOCAL", "name": "COMPARTITIONSETS@ESSOS.LOCAL", "distinguishedname": "CN=COMPARTITIONSETS,CN=SYSTEM,DC=ESSOS,DC=LOCAL", "domainsid": "S-1-5-21-2915764185-4093010455-2566636843", "highvalue": false, "description": "", "whencreated": 1748976781, "isaclprotected": false}, "IsDeleted": false, "IsACLProtected": false, "ContainedBy": null, "Aces": [{"RightName": "Owns", "IsInherited": false, "PrincipalSID": "S-1-5-21-2915764185-4093010455-2566636843-512", "PrincipalType": "Group"}, {"RightName": "WriteOwner", "IsInherited": false, "PrincipalSID": "S-1-5-21-2915764185-4093010455-2566636843-512", "PrincipalType": "Group"}, {"RightName": "WriteDacl", "IsInherited": false, "PrincipalSID": "S-1-5-21-2915764185-4093010455-2566636843-512", "PrincipalType": "Group"}, {"RightName": "GenericAll", "IsInherited": true, "PrincipalSID": "S-1-5-21-2915764185-4093010455-2566636843-519", "PrincipalType": "Group"}, {"RightName": "WriteOwner", "IsInherited": true, "PrincipalSID": "ESSOS.LOCAL-S-1-5-32-544", "PrincipalType": "Group"}, {"RightName": "WriteDacl", "IsInherited": true, "PrincipalSID": "ESSOS.LOCAL-S-1-5-32-544", "PrincipalType": "Group"}], "ChildObjects": []},{"ObjectIdentifier": "087B8227-58D3-49DF-8B4D-A628D74843DE", "Properties": {"domain": "ESSOS.LOCAL", "name": "COMPARTITIONS@ESSOS.LOCAL", "distinguishedname": "CN=COMPARTITIONS,CN=SYSTEM,DC=ESSOS,DC=LOCAL", "domainsid": "S-1-5-21-2915764185-4093010455-2566636843", "highvalue": false, "description": "", "whencreated": 1748976781, "isaclprotected": false}, "IsDeleted": false, "IsACLProtected": false, "ContainedBy": null, "Aces": [{"RightName": "Owns", "IsInherited": false, "PrincipalSID": "S-1-5-21-2915764185-4093010455-2566636843-512", "PrincipalType": "Group"}, {"RightName": "WriteOwner", "IsInherited": false, "PrincipalSID": "S-1-5-21-2915764185-4093010455-2566636843-512", "PrincipalType": "Group"}, {"RightName": "WriteDacl", "IsInherited": false, "PrincipalSID": "S-1-5-21-2915764185-4093010455-2566636843-512", "PrincipalType": "Group"}, {"RightName": "GenericAll", "IsInherited": true, "PrincipalSID": "S-1-5-21-2915764185-4093010455-2566636843-519", "PrincipalType": "Group"}, {"RightName": "WriteOwner", "IsInherited": true, "PrincipalSID": "ESSOS.LOCAL-S-1-5-32-544", "PrincipalType": "Group"}, {"RightName": "WriteDacl", "IsInherited": true, "PrincipalSID": "ESSOS.LOCAL-S-1-5-32-544", "PrincipalType": "Group"}], "ChildObjects": []},{"ObjectIdentifier": "C3B76AC2-DCFC-4B3F-909B-E4A55C09D879", "Properties": {"domain": "ESSOS.LOCAL", "name": "ADMINSDHOLDER@ESSOS.LOCAL", "distinguishedname": "CN=ADMINSDHOLDER,CN=SYSTEM,DC=ESSOS,DC=LOCAL", "domainsid": "S-1-5-21-2915764185-4093010455-2566636843", "highvalue": false, "description": "", "whencreated": 1748976781, "isaclprotected": true}, "IsDeleted": false, "IsACLProtected": true, "ContainedBy": null, "Aces": [{"RightName": "Owns", "IsInherited": false, "PrincipalSID": "S-1-5-21-2915764185-4093010455-2566636843-512", "PrincipalType": "Group"}, {"RightName": "WriteOwner", "IsInherited": false, "PrincipalSID": "S-1-5-21-2915764185-4093010455-2566636843-512", "PrincipalType": "Group"}, {"RightName": "WriteDacl", "IsInherited": false, "PrincipalSID": "S-1-5-21-2915764185-4093010455-2566636843-512", "PrincipalType": "Group"}, {"RightName": "WriteOwner", "IsInherited": false, "PrincipalSID": "S-1-5-21-2915764185-4093010455-2566636843-519", "PrincipalType": "Group"}, {"RightName": "WriteDacl", "IsInherited": false, "PrincipalSID": "S-1-5-21-2915764185-4093010455-2566636843-519", "PrincipalType": "Group"}, {"RightName": "WriteOwner", "IsInherited": false, "PrincipalSID": "ESSOS.LOCAL-S-1-5-32-544", "PrincipalType": "Group"}, {"RightName": "WriteDacl", "IsInherited": false, "PrincipalSID": "ESSOS.LOCAL-S-1-5-32-544", "PrincipalType": "Group"}], "ChildObjects": []},{"ObjectIdentifier": "51858411-94D6-435A-8A0A-EBB33F5D124D", "Properties": {"domain": "ESSOS.LOCAL", "name": "RAS AND IAS SERVERS ACCESS CHECK@ESSOS.LOCAL", "distinguishedname": "CN=RAS AND IAS SERVERS ACCESS CHECK,CN=SYSTEM,DC=ESSOS,DC=LOCAL", "domainsid": "S-1-5-21-2915764185-4093010455-2566636843", "highvalue": false, "description": "", "whencreated": 1748976781, "isaclprotected": false}, "IsDeleted": false, "IsACLProtected": false, "ContainedBy": null, "Aces": [{"RightName": "Owns", "IsInherited": false, "PrincipalSID": "S-1-5-21-2915764185-4093010455-2566636843-512", "PrincipalType": "Group"}, {"RightName": "WriteOwner", "IsInherited": false, "PrincipalSID": "S-1-5-21-2915764185-4093010455-2566636843-553", "PrincipalType": "Group"}, {"RightName": "WriteDacl", "IsInherited": false, "PrincipalSID": "S-1-5-21-2915764185-4093010455-2566636843-553", "PrincipalType": "Group"}, {"RightName": "GenericAll", "IsInherited": true, "PrincipalSID": "S-1-5-21-2915764185-4093010455-2566636843-519", "PrincipalType": "Group"}, {"RightName": "WriteOwner", "IsInherited": true, "PrincipalSID": "ESSOS.LOCAL-S-1-5-32-544", "PrincipalType": "Group"}, {"RightName": "WriteDacl", "IsInherited": true, "PrincipalSID": "ESSOS.LOCAL-S-1-5-32-544", "PrincipalType": "Group"}], "ChildObjects": []},{"ObjectIdentifier": "6E28D7CC-2402-42B8-9304-525D9EBC0D76", "Properties": {"domain": "ESSOS.LOCAL", "name": "POLICIES@ESSOS.LOCAL", "distinguishedname": "CN=POLICIES,CN=SYSTEM,DC=ESSOS,DC=LOCAL", "domainsid": "S-1-5-21-2915764185-4093010455-2566636843", "highvalue": false, "description": "", "whencreated": 1748976781, "isaclprotected": false}, "IsDeleted": false, "IsACLProtected": false, "ContainedBy": null, "Aces": [{"RightName": "Owns", "IsInherited": false, "PrincipalSID": "S-1-5-21-2915764185-4093010455-2566636843-512", "PrincipalType": "Group"}, {"RightName": "WriteOwner", "IsInherited": false, "PrincipalSID": "S-1-5-21-2915764185-4093010455-2566636843-512", "PrincipalType": "Group"}, {"RightName": "WriteDacl", "IsInherited": false, "PrincipalSID": "S-1-5-21-2915764185-4093010455-2566636843-512", "PrincipalType": "Group"}, {"RightName": "GenericAll", "IsInherited": true, "PrincipalSID": "S-1-5-21-2915764185-4093010455-2566636843-519", "PrincipalType": "Group"}, {"RightName": "WriteOwner", "IsInherited": true, "PrincipalSID": "ESSOS.LOCAL-S-1-5-32-544", "PrincipalType": "Group"}, {"RightName": "WriteDacl", "IsInherited": true, "PrincipalSID": "ESSOS.LOCAL-S-1-5-32-544", "PrincipalType": "Group"}], "ChildObjects": []},{"ObjectIdentifier": "1D6BD62A-EF6D-4AFD-AFD1-F858C14BA4BF", "Properties": {"domain": "ESSOS.LOCAL", "name": "MEETINGS@ESSOS.LOCAL", "distinguishedname": "CN=MEETINGS,CN=SYSTEM,DC=ESSOS,DC=LOCAL", "domainsid": "S-1-5-21-2915764185-4093010455-2566636843", "highvalue": false, "description": "", "whencreated": 1748976781, "isaclprotected": false}, "IsDeleted": false, "IsACLProtected": false, "ContainedBy": null, "Aces": [{"RightName": "Owns", "IsInherited": false, "PrincipalSID": "S-1-5-21-2915764185-4093010455-2566636843-512", "PrincipalType": "Group"}, {"RightName": "WriteOwner", "IsInherited": false, "PrincipalSID": "S-1-5-21-2915764185-4093010455-2566636843-512", "PrincipalType": "Group"}, {"RightName": "WriteDacl", "IsInherited": false, "PrincipalSID": "S-1-5-21-2915764185-4093010455-2566636843-512", "PrincipalType": "Group"}, {"RightName": "GenericAll", "IsInherited": true, "PrincipalSID": "S-1-5-21-2915764185-4093010455-2566636843-519", "PrincipalType": "Group"}, {"RightName": "WriteOwner", "IsInherited": true, "PrincipalSID": "ESSOS.LOCAL-S-1-5-32-544", "PrincipalType": "Group"}, {"RightName": "WriteDacl", "IsInherited": true, "PrincipalSID": "ESSOS.LOCAL-S-1-5-32-544", "PrincipalType": "Group"}], "ChildObjects": []},{"ObjectIdentifier": "EDC07581-FBB5-41F7-AA56-EADB3096640C", "Properties": {"domain": "ESSOS.LOCAL", "name": "WINSOCKSERVICES@ESSOS.LOCAL", "distinguishedname": "CN=WINSOCKSERVICES,CN=SYSTEM,DC=ESSOS,DC=LOCAL", "domainsid": "S-1-5-21-2915764185-4093010455-2566636843", "highvalue": false, "description": "", "whencreated": 1748976781, "isaclprotected": false}, "IsDeleted": false, "IsACLProtected": false, "ContainedBy": null, "Aces": [{"RightName": "Owns", "IsInherited": false, "PrincipalSID": "S-1-5-21-2915764185-4093010455-2566636843-512", "PrincipalType": "Group"}, {"RightName": "WriteOwner", "IsInherited": false, "PrincipalSID": "S-1-5-21-2915764185-4093010455-2566636843-512", "PrincipalType": "Group"}, {"RightName": "WriteDacl", "IsInherited": false, "PrincipalSID": "S-1-5-21-2915764185-4093010455-2566636843-512", "PrincipalType": "Group"}, {"RightName": "GenericAll", "IsInherited": true, "PrincipalSID": "S-1-5-21-2915764185-4093010455-2566636843-519", "PrincipalType": "Group"}, {"RightName": "WriteOwner", "IsInherited": true, "PrincipalSID": "ESSOS.LOCAL-S-1-5-32-544", "PrincipalType": "Group"}, {"RightName": "WriteDacl", "IsInherited": true, "PrincipalSID": "ESSOS.LOCAL-S-1-5-32-544", "PrincipalType": "Group"}], "ChildObjects": []},{"ObjectIdentifier": "A552CB22-44C6-4266-AD2A-9AA1C3119B0D", "Properties": {"domain": "ESSOS.LOCAL", "name": "MANAGED SERVICE ACCOUNTS@ESSOS.LOCAL", "distinguishedname": "CN=MANAGED SERVICE ACCOUNTS,DC=ESSOS,DC=LOCAL", "domainsid": "S-1-5-21-2915764185-4093010455-2566636843", "highvalue": false, "description": "Default container for managed service accounts", "whencreated": 1748976781, "isaclprotected": false}, "IsDeleted": false, "IsACLProtected": false, "ContainedBy": null, "Aces": [{"RightName": "Owns", "IsInherited": false, "PrincipalSID": "S-1-5-21-2915764185-4093010455-2566636843-512", "PrincipalType": "Group"}, {"RightName": "WriteOwner", "IsInherited": false, "PrincipalSID": "S-1-5-21-2915764185-4093010455-2566636843-512", "PrincipalType": "Group"}, {"RightName": "WriteDacl", "IsInherited": false, "PrincipalSID": "S-1-5-21-2915764185-4093010455-2566636843-512", "PrincipalType": "Group"}, {"RightName": "GenericAll", "IsInherited": true, "PrincipalSID": "S-1-5-21-2915764185-4093010455-2566636843-519", "PrincipalType": "Group"}, {"RightName": "WriteOwner", "IsInherited": true, "PrincipalSID": "ESSOS.LOCAL-S-1-5-32-544", "PrincipalType": "Group"}, {"RightName": "WriteDacl", "IsInherited": true, "PrincipalSID": "ESSOS.LOCAL-S-1-5-32-544", "PrincipalType": "Group"}], "ChildObjects": [{"ObjectIdentifier": "S-1-5-21-2915764185-4093010455-2566636843-1120", "ObjectType": "User"}]},{"ObjectIdentifier": "825772C6-828F-463D-AACB-0AF03C0251F9", "Properties": {"domain": "ESSOS.LOCAL", "name": "MICROSOFT@ESSOS.LOCAL", "distinguishedname": "CN=MICROSOFT,CN=PROGRAM DATA,DC=ESSOS,DC=LOCAL", "domainsid": "S-1-5-21-2915764185-4093010455-2566636843", "highvalue": false, "description": "Default location for storage of Microsoft application data.", "whencreated": 1748976781, "isaclprotected": false}, "IsDeleted": false, "IsACLProtected": false, "ContainedBy": null, "Aces": [{"RightName": "Owns", "IsInherited": false, "PrincipalSID": "S-1-5-21-2915764185-4093010455-2566636843-512", "PrincipalType": "Group"}, {"RightName": "GenericAll", "IsInherited": false, "PrincipalSID": "S-1-5-21-2915764185-4093010455-2566636843-512", "PrincipalType": "Group"}, {"RightName": "GenericAll", "IsInherited": true, "PrincipalSID": "S-1-5-21-2915764185-4093010455-2566636843-519", "PrincipalType": "Group"}, {"RightName": "WriteOwner", "IsInherited": true, "PrincipalSID": "ESSOS.LOCAL-S-1-5-32-544", "PrincipalType": "Group"}, {"RightName": "WriteDacl", "IsInherited": true, "PrincipalSID": "ESSOS.LOCAL-S-1-5-32-544", "PrincipalType": "Group"}], "ChildObjects": []},{"ObjectIdentifier": "60222DBC-4C62-4DEF-B993-AFFDF5994B05", "Properties": {"domain": "ESSOS.LOCAL", "name": "PROGRAM DATA@ESSOS.LOCAL", "distinguishedname": "CN=PROGRAM DATA,DC=ESSOS,DC=LOCAL", "domainsid": "S-1-5-21-2915764185-4093010455-2566636843", "highvalue": false, "description": "Default location for storage of application data.", "whencreated": 1748976781, "isaclprotected": false}, "IsDeleted": false, "IsACLProtected": false, "ContainedBy": null, "Aces": [{"RightName": "Owns", "IsInherited": false, "PrincipalSID": "S-1-5-21-2915764185-4093010455-2566636843-512", "PrincipalType": "Group"}, {"RightName": "GenericAll", "IsInherited": false, "PrincipalSID": "S-1-5-21-2915764185-4093010455-2566636843-512", "PrincipalType": "Group"}, {"RightName": "GenericAll", "IsInherited": true, "PrincipalSID": "S-1-5-21-2915764185-4093010455-2566636843-519", "PrincipalType": "Group"}, {"RightName": "WriteOwner", "IsInherited": true, "PrincipalSID": "ESSOS.LOCAL-S-1-5-32-544", "PrincipalType": "Group"}, {"RightName": "WriteDacl", "IsInherited": true, "PrincipalSID": "ESSOS.LOCAL-S-1-5-32-544", "PrincipalType": "Group"}], "ChildObjects": []},{"ObjectIdentifier": "6A970052-E56C-4961-9346-2A128597587C", "Properties": {"domain": "ESSOS.LOCAL", "name": "FOREIGNSECURITYPRINCIPALS@ESSOS.LOCAL", "distinguishedname": "CN=FOREIGNSECURITYPRINCIPALS,DC=ESSOS,DC=LOCAL", "domainsid": "S-1-5-21-2915764185-4093010455-2566636843", "highvalue": false, "description": "Default container for security identifiers (SIDs) associated with objects from external, trusted domains", "whencreated": 1748976781, "isaclprotected": false}, "IsDeleted": false, "IsACLProtected": false, "ContainedBy": null, "Aces": [{"RightName": "Owns", "IsInherited": false, "PrincipalSID": "S-1-5-21-2915764185-4093010455-2566636843-512", "PrincipalType": "Group"}, {"RightName": "GenericAll", "IsInherited": false, "PrincipalSID": "S-1-5-21-2915764185-4093010455-2566636843-512", "PrincipalType": "Group"}, {"RightName": "GenericAll", "IsInherited": true, "PrincipalSID": "S-1-5-21-2915764185-4093010455-2566636843-519", "PrincipalType": "Group"}, {"RightName": "WriteOwner", "IsInherited": true, "PrincipalSID": "ESSOS.LOCAL-S-1-5-32-544", "PrincipalType": "Group"}, {"RightName": "WriteDacl", "IsInherited": true, "PrincipalSID": "ESSOS.LOCAL-S-1-5-32-544", "PrincipalType": "Group"}], "ChildObjects": []},{"ObjectIdentifier": "01EB5753-4AF5-477F-9CDC-B77DB990E604", "Properties": {"domain": "ESSOS.LOCAL", "name": "SYSTEM@ESSOS.LOCAL", "distinguishedname": "CN=SYSTEM,DC=ESSOS,DC=LOCAL", "domainsid": "S-1-5-21-2915764185-4093010455-2566636843", "highvalue": false, "description": "Builtin system settings", "whencreated": 1748976781, "isaclprotected": false}, "IsDeleted": false, "IsACLProtected": false, "ContainedBy": null, "Aces": [{"RightName": "Owns", "IsInherited": false, "PrincipalSID": "S-1-5-21-2915764185-4093010455-2566636843-512", "PrincipalType": "Group"}, {"RightName": "WriteOwner", "IsInherited": false, "PrincipalSID": "S-1-5-21-2915764185-4093010455-2566636843-512", "PrincipalType": "Group"}, {"RightName": "WriteDacl", "IsInherited": false, "PrincipalSID": "S-1-5-21-2915764185-4093010455-2566636843-512", "PrincipalType": "Group"}, {"RightName": "GenericAll", "IsInherited": true, "PrincipalSID": "S-1-5-21-2915764185-4093010455-2566636843-519", "PrincipalType": "Group"}, {"RightName": "WriteOwner", "IsInherited": true, "PrincipalSID": "ESSOS.LOCAL-S-1-5-32-544", "PrincipalType": "Group"}, {"RightName": "WriteDacl", "IsInherited": true, "PrincipalSID": "ESSOS.LOCAL-S-1-5-32-544", "PrincipalType": "Group"}], "ChildObjects": []},{"ObjectIdentifier": "E73F58ED-D962-4F86-A3DC-4201FE66E331", "Properties": {"domain": "ESSOS.LOCAL", "name": "COMPUTERS@ESSOS.LOCAL", "distinguishedname": "CN=COMPUTERS,DC=ESSOS,DC=LOCAL", "domainsid": "S-1-5-21-2915764185-4093010455-2566636843", "highvalue": false, "description": "Default container for upgraded computer accounts", "whencreated": 1748976781, "isaclprotected": false}, "IsDeleted": false, "IsACLProtected": false, "ContainedBy": null, "Aces": [{"RightName": "Owns", "IsInherited": false, "PrincipalSID": "S-1-5-21-2915764185-4093010455-2566636843-512", "PrincipalType": "Group"}, {"RightName": "WriteOwner", "IsInherited": false, "PrincipalSID": "S-1-5-21-2915764185-4093010455-2566636843-512", "PrincipalType": "Group"}, {"RightName": "WriteDacl", "IsInherited": false, "PrincipalSID": "S-1-5-21-2915764185-4093010455-2566636843-512", "PrincipalType": "Group"}, {"RightName": "GenericAll", "IsInherited": true, "PrincipalSID": "S-1-5-21-2915764185-4093010455-2566636843-519", "PrincipalType": "Group"}, {"RightName": "WriteOwner", "IsInherited": true, "PrincipalSID": "ESSOS.LOCAL-S-1-5-32-544", "PrincipalType": "Group"}, {"RightName": "WriteDacl", "IsInherited": true, "PrincipalSID": "ESSOS.LOCAL-S-1-5-32-544", "PrincipalType": "Group"}], "ChildObjects": []},{"ObjectIdentifier": "2983A1E0-2571-4592-9BF1-0A91B9E35CD4", "Properties": {"domain": "ESSOS.LOCAL", "name": "USERS@ESSOS.LOCAL", "distinguishedname": "CN=USERS,DC=ESSOS,DC=LOCAL", "domainsid": "S-1-5-21-2915764185-4093010455-2566636843", "highvalue": false, "description": "Default container for upgraded user accounts", "whencreated": 1748976781, "isaclprotected": false}, "IsDeleted": false, "IsACLProtected": false, "ContainedBy": null, "Aces": [{"RightName": "Owns", "IsInherited": false, "PrincipalSID": "S-1-5-21-2915764185-4093010455-2566636843-512", "PrincipalType": "Group"}, {"RightName": "WriteOwner", "IsInherited": false, "PrincipalSID": "S-1-5-21-2915764185-4093010455-2566636843-512", "PrincipalType": "Group"}, {"RightName": "WriteDacl", "IsInherited": false, "PrincipalSID": "S-1-5-21-2915764185-4093010455-2566636843-512", "PrincipalType": "Group"}, {"RightName": "GenericAll", "IsInherited": true, "PrincipalSID": "S-1-5-21-2915764185-4093010455-2566636843-519", "PrincipalType": "Group"}, {"RightName": "WriteOwner", "IsInherited": true, "PrincipalSID": "ESSOS.LOCAL-S-1-5-32-544", "PrincipalType": "Group"}, {"RightName": "WriteDacl", "IsInherited": true, "PrincipalSID": "ESSOS.LOCAL-S-1-5-32-544", "PrincipalType": "Group"}], "ChildObjects": [{"ObjectIdentifier": "S-1-5-21-2915764185-4093010455-2566636843-1114", "ObjectType": "User"}, {"ObjectIdentifier": "S-1-5-21-2915764185-4093010455-2566636843-1000", "ObjectType": "User"}, {"ObjectIdentifier": "S-1-5-21-2915764185-4093010455-2566636843-1107", "ObjectType": "Group"}, {"ObjectIdentifier": "S-1-5-21-2915764185-4093010455-2566636843-1119", "ObjectType": "User"}, {"ObjectIdentifier": "S-1-5-21-2915764185-4093010455-2566636843-1112", "ObjectType": "Group"}, {"ObjectIdentifier": "S-1-5-21-2915764185-4093010455-2566636843-1105", "ObjectType": "trustaccount"}, {"ObjectIdentifier": "S-1-5-21-2915764185-4093010455-2566636843-518", "ObjectType": "Group"}, {"ObjectIdentifier": "S-1-5-21-2915764185-4093010455-2566636843-521", "ObjectType": "Group"}, {"ObjectIdentifier": "S-1-5-21-2915764185-4093010455-2566636843-553", "ObjectType": "Group"}, {"ObjectIdentifier": "S-1-5-21-2915764185-4093010455-2566636843-1110", "ObjectType": "Group"}, {"ObjectIdentifier": "S-1-5-21-2915764185-4093010455-2566636843-525", "ObjectType": "Group"}, {"ObjectIdentifier": "S-1-5-21-2915764185-4093010455-2566636843-1117", "ObjectType": "User"}, {"ObjectIdentifier": "S-1-5-21-2915764185-4093010455-2566636843-502", "ObjectType": "User"}, {"ObjectIdentifier": "S-1-5-21-2915764185-4093010455-2566636843-1115", "ObjectType": "User"}, {"ObjectIdentifier": "S-1-5-21-2915764185-4093010455-2566636843-526", "ObjectType": "Group"}, {"ObjectIdentifier": "S-1-5-21-2915764185-4093010455-2566636843-1116", "ObjectType": "User"}, {"ObjectIdentifier": "S-1-5-21-2915764185-4093010455-2566636843-501", "ObjectType": "User"}, {"ObjectIdentifier": "S-1-5-21-2915764185-4093010455-2566636843-520", "ObjectType": "Group"}, {"ObjectIdentifier": "S-1-5-21-2915764185-4093010455-2566636843-1106", "ObjectType": "Group"}, {"ObjectIdentifier": "S-1-5-21-2915764185-4093010455-2566636843-498", "ObjectType": "Group"}, {"ObjectIdentifier": "S-1-5-21-2915764185-4093010455-2566636843-527", "ObjectType": "Group"}, {"ObjectIdentifier": "S-1-5-21-2915764185-4093010455-2566636843-519", "ObjectType": "Group"}, {"ObjectIdentifier": "S-1-5-21-2915764185-4093010455-2566636843-1118", "ObjectType": "User"}, {"ObjectIdentifier": "S-1-5-21-2915764185-4093010455-2566636843-1111", "ObjectType": "Group"}, {"ObjectIdentifier": "S-1-5-21-2915764185-4093010455-2566636843-1109", "ObjectType": "Group"}, {"ObjectIdentifier": "S-1-5-21-2915764185-4093010455-2566636843-1108", "ObjectType": "Group"}, {"ObjectIdentifier": "S-1-5-21-2915764185-4093010455-2566636843-513", "ObjectType": "Group"}, {"ObjectIdentifier": "S-1-5-21-2915764185-4093010455-2566636843-514", "ObjectType": "Group"}, {"ObjectIdentifier": "S-1-5-21-2915764185-4093010455-2566636843-516", "ObjectType": "Group"}, {"ObjectIdentifier": "S-1-5-21-2915764185-4093010455-2566636843-515", "ObjectType": "Group"}, {"ObjectIdentifier": "S-1-5-21-2915764185-4093010455-2566636843-512", "ObjectType": "Group"}, {"ObjectIdentifier": "S-1-5-21-2915764185-4093010455-2566636843-1103", "ObjectType": "Group"}, {"ObjectIdentifier": "S-1-5-21-2915764185-4093010455-2566636843-1102", "ObjectType": "Group"}, {"ObjectIdentifier": "S-1-5-21-2915764185-4093010455-2566636843-572", "ObjectType": "Group"}, {"ObjectIdentifier": "S-1-5-21-2915764185-4093010455-2566636843-503", "ObjectType": "User"}, {"ObjectIdentifier": "S-1-5-21-2915764185-4093010455-2566636843-1113", "ObjectType": "User"}, {"ObjectIdentifier": "S-1-5-21-2915764185-4093010455-2566636843-522", "ObjectType": "Group"}, {"ObjectIdentifier": "S-1-5-21-2915764185-4093010455-2566636843-517", "ObjectType": "Group"}, {"ObjectIdentifier": "S-1-5-21-2915764185-4093010455-2566636843-571", "ObjectType": "Group"}, {"ObjectIdentifier": "S-1-5-21-2915764185-4093010455-2566636843-500", "ObjectType": "User"}]}],"meta":{"methods":0,"type":"containers","count":19, "version":6}}