{"data":[{"ObjectIdentifier": "C94205D0-8473-4786-9C53-38BA5E38F24F", "Properties": {"domain": "NORTH.SEVENKINGDOMS.LOCAL", "name": "DOMAIN CONTROLLERS@NORTH.SEVENKINGDOMS.LOCAL", "distinguishedname": "OU=DOMAIN CONTROLLERS,DC=NORTH,DC=SEVENKINGDOMS,DC=LOCAL", "domainsid": "S-1-5-21-129577067-2413250346-221025027", "highvalue": false, "blocksinheritance": false, "description": "Default container for domain controllers", "whencreated": 1748977876, "isaclprotected": false}, "IsDeleted": false, "IsACLProtected": false, "Aces": [{"RightName": "Owns", "IsInherited": false, "PrincipalSID": "S-1-5-21-129577067-2413250346-221025027-512", "PrincipalType": "Group"}, {"RightName": "GenericWrite", "IsInherited": false, "PrincipalSID": "S-1-5-21-129577067-2413250346-221025027-512", "PrincipalType": "Group"}, {"RightName": "WriteOwner", "IsInherited": false, "PrincipalSID": "S-1-5-21-129577067-2413250346-221025027-512", "PrincipalType": "Group"}, {"RightName": "WriteDacl", "IsInherited": false, "PrincipalSID": "S-1-5-21-129577067-2413250346-221025027-512", "PrincipalType": "Group"}, {"RightName": "GenericAll", "IsInherited": true, "PrincipalSID": "S-1-5-21-3349808549-1103713970-3947480754-519", "PrincipalType": "Group"}, {"RightName": "GenericWrite", "IsInherited": true, "PrincipalSID": "NORTH.SEVENKINGDOMS.LOCAL-S-1-5-32-544", "PrincipalType": "Group"}, {"RightName": "WriteOwner", "IsInherited": true, "PrincipalSID": "NORTH.SEVENKINGDOMS.LOCAL-S-1-5-32-544", "PrincipalType": "Group"}, {"RightName": "WriteDacl", "IsInherited": true, "PrincipalSID": "NORTH.SEVENKINGDOMS.LOCAL-S-1-5-32-544", "PrincipalType": "Group"}], "Links": [{"IsEnforced": false, "GUID": "9321396A-11D9-43DF-A42C-83BD4F696D91"}], "ChildObjects": [{"ObjectIdentifier": "S-1-5-21-129577067-2413250346-221025027-1001", "ObjectType": "Computer"}], "GPOChanges": {"AffectedComputers": [], "DcomUsers": [], "LocalAdmins": [], "PSRemoteUsers": [], "RemoteDesktopUsers": []}}],"meta":{"methods":0,"type":"ous","count":1, "version":6}}