{"data":[{"ObjectIdentifier": "S-1-5-21-129577067-2413250346-221025027-1001", "AllowedToAct": [], "PrimaryGroupSID": "S-1-5-21-129577067-2413250346-221025027-516", "ContainedBy": null, "DumpSMSAPassword": [], "Properties": {"name": "WINTERFELL.NORTH.SEVENKINGDOMS.LOCAL", "domainsid": "S-1-5-21-129577067-2413250346-221025027", "domain": "NORTH.SEVENKINGDOMS.LOCAL", "highvalue": false, "distinguishedname": "CN=WINTERFELL,OU=DOMAIN CONTROLLERS,DC=NORTH,DC=SEVENKINGDOMS,DC=LOCAL", "unconstraineddelegation": true, "enabled": true, "trustedtoauth": false, "samaccountname": "WINTERFELL$", "haslaps": false, "lastlogon": 1759210983, "lastlogontimestamp": 1758723030, "pwdlastset": 1758723012, "whencreated": 1748977923, "serviceprincipalnames": ["ldap/winterfell.north.sevenkingdoms.local/DomainDnsZones.north.sevenkingdoms.local", "ldap/winterfell.north.sevenkingdoms.local/ForestDnsZones.sevenkingdoms.local", "TERMSRV/WINTERFELL", "TERMSRV/winterfell.north.sevenkingdoms.local", "Dfsr-12F9A27C-BF97-4787-9364-D31B6C55EB04/winterfell.north.sevenkingdoms.local", "DNS/winterfell.north.sevenkingdoms.local", "GC/winterfell.north.sevenkingdoms.local/sevenkingdoms.local", "RestrictedKrbHost/winterfell.north.sevenkingdoms.local", "RestrictedKrbHost/WINTERFELL", "RPC/9ea08b5c-c444-440c-be24-fb52f477db7d._msdcs.sevenkingdoms.local", "HOST/WINTERFELL/NORTH", "HOST/winterfell.north.sevenkingdoms.local/NORTH", "HOST/WINTERFELL", "HOST/winterfell.north.sevenkingdoms.local", "HOST/winterfell.north.sevenkingdoms.local/north.sevenkingdoms.local", "E3514235-4B06-11D1-AB04-00C04FC2DCD2/9ea08b5c-c444-440c-be24-fb52f477db7d/north.sevenkingdoms.local", "ldap/WINTERFELL/NORTH", "ldap/9ea08b5c-c444-440c-be24-fb52f477db7d._msdcs.sevenkingdoms.local", "ldap/winterfell.north.sevenkingdoms.local/NORTH", "ldap/WINTERFELL", "ldap/winterfell.north.sevenkingdoms.local", "ldap/winterfell.north.sevenkingdoms.local/north.sevenkingdoms.local"], "description": null, "operatingsystem": "Windows Server 2019 Datacenter Evaluation", "sidhistory": [], "isaclprotected": false}, "LocalGroups": [], "UserRights": [], "AllowedToDelegate": [], "Sessions": {"Collected": true, "FailureReason": null, "Results": []}, "PrivilegedSessions": {"Collected": false, "FailureReason": null, "Results": []}, "RegistrySessions": {"Collected": false, "FailureReason": null, "Results": []}, "Aces": [{"RightName": "Owns", "IsInherited": false, "PrincipalSID": "S-1-5-21-129577067-2413250346-221025027-512", "PrincipalType": "Group"}, {"RightName": "GenericAll", "IsInherited": false, "PrincipalSID": "S-1-5-21-129577067-2413250346-221025027-512", "PrincipalType": "Group"}, {"RightName": "AddKeyCredentialLink", "IsInherited": true, "PrincipalSID": "S-1-5-21-129577067-2413250346-221025027-526", "PrincipalType": "Group"}, {"RightName": "AddKeyCredentialLink", "IsInherited": true, "PrincipalSID": "S-1-5-21-3349808549-1103713970-3947480754-527", "PrincipalType": "Group"}, {"RightName": "GenericAll", "IsInherited": true, "PrincipalSID": "S-1-5-21-3349808549-1103713970-3947480754-519", "PrincipalType": "Group"}, {"RightName": "GenericWrite", "IsInherited": true, "PrincipalSID": "NORTH.SEVENKINGDOMS.LOCAL-S-1-5-32-544", "PrincipalType": "Group"}, {"RightName": "WriteOwner", "IsInherited": true, "PrincipalSID": "NORTH.SEVENKINGDOMS.LOCAL-S-1-5-32-544", "PrincipalType": "Group"}, {"RightName": "WriteDacl", "IsInherited": true, "PrincipalSID": "NORTH.SEVENKINGDOMS.LOCAL-S-1-5-32-544", "PrincipalType": "Group"}], "HasSIDHistory": [], "IsDeleted": false, "Status": null, "IsACLProtected": false},{"ObjectIdentifier": "S-1-5-21-129577067-2413250346-221025027-1105", "AllowedToAct": [], "PrimaryGroupSID": "S-1-5-21-129577067-2413250346-221025027-515", "ContainedBy": null, "DumpSMSAPassword": [], "Properties": {"name": "CASTELBLACK.NORTH.SEVENKINGDOMS.LOCAL", "domainsid": "S-1-5-21-129577067-2413250346-221025027", "domain": "NORTH.SEVENKINGDOMS.LOCAL", "highvalue": false, "distinguishedname": "CN=CASTELBLACK,CN=COMPUTERS,DC=NORTH,DC=SEVENKINGDOMS,DC=LOCAL", "unconstraineddelegation": false, "enabled": true, "trustedtoauth": false, "samaccountname": "CASTELBLACK$", "haslaps": false, "lastlogon": 1759210800, "lastlogontimestamp": 1758723612, "pwdlastset": 1758723612, "whencreated": 1748978715, "serviceprincipalnames": ["HTTP/winterfell.north.sevenkingdoms.local", "WSMAN/castelblack", "WSMAN/castelblack.north.sevenkingdoms.local", "TERMSRV/CASTELBLACK", "TERMSRV/castelblack.north.sevenkingdoms.local", "RestrictedKrbHost/CASTELBLACK", "HOST/CASTELBLACK", "RestrictedKrbHost/castelblack.north.sevenkingdoms.local", "HOST/castelblack.north.sevenkingdoms.local"], "description": null, "operatingsystem": "Windows Server 2019 Datacenter Evaluation", "sidhistory": [], "allowedtodelegate": ["HTTP/winterfell", "HTTP/winterfell.north.sevenkingdoms.local"], "isaclprotected": false}, "LocalGroups": [], "UserRights": [], "AllowedToDelegate": [{"ObjectIdentifier": "S-1-5-21-129577067-2413250346-221025027-1001", "ObjectType": "Computer"}, {"ObjectIdentifier": "S-1-5-21-129577067-2413250346-221025027-1001", "ObjectType": "Computer"}], "Sessions": {"Collected": false, "FailureReason": null, "Results": []}, "PrivilegedSessions": {"Collected": false, "FailureReason": null, "Results": []}, "RegistrySessions": {"Collected": false, "FailureReason": null, "Results": []}, "Aces": [{"RightName": "Owns", "IsInherited": false, "PrincipalSID": "S-1-5-21-129577067-2413250346-221025027-512", "PrincipalType": "Group"}, {"RightName": "GenericAll", "IsInherited": false, "PrincipalSID": "S-1-5-21-129577067-2413250346-221025027-512", "PrincipalType": "Group"}, {"RightName": "GenericAll", "IsInherited": false, "PrincipalSID": "NORTH.SEVENKINGDOMS.LOCAL-S-1-5-32-548", "PrincipalType": "Group"}, {"RightName": "AddKeyCredentialLink", "IsInherited": true, "PrincipalSID": "S-1-5-21-129577067-2413250346-221025027-526", "PrincipalType": "Group"}, {"RightName": "AddKeyCredentialLink", "IsInherited": true, "PrincipalSID": "S-1-5-21-3349808549-1103713970-3947480754-527", "PrincipalType": "Group"}, {"RightName": "GenericAll", "IsInherited": true, "PrincipalSID": "S-1-5-21-3349808549-1103713970-3947480754-519", "PrincipalType": "Group"}, {"RightName": "GenericWrite", "IsInherited": true, "PrincipalSID": "NORTH.SEVENKINGDOMS.LOCAL-S-1-5-32-544", "PrincipalType": "Group"}, {"RightName": "WriteOwner", "IsInherited": true, "PrincipalSID": "NORTH.SEVENKINGDOMS.LOCAL-S-1-5-32-544", "PrincipalType": "Group"}, {"RightName": "WriteDacl", "IsInherited": true, "PrincipalSID": "NORTH.SEVENKINGDOMS.LOCAL-S-1-5-32-544", "PrincipalType": "Group"}], "HasSIDHistory": [], "IsDeleted": false, "Status": null, "IsACLProtected": false}],"meta":{"methods":0,"type":"computers","count":2, "version":6}}