{"data":[{"ObjectIdentifier": "0C89F56F-5947-4435-B12F-7CC46444D9AF", "Properties": {"domain": "NORTH.SEVENKINGDOMS.LOCAL", "name": "MANAGED SERVICE ACCOUNTS@NORTH.SEVENKINGDOMS.LOCAL", "distinguishedname": "CN=MANAGED SERVICE ACCOUNTS,DC=NORTH,DC=SEVENKINGDOMS,DC=LOCAL", "domainsid": "S-1-5-21-129577067-2413250346-221025027", "highvalue": false, "description": "Default container for managed service accounts", "whencreated": 1748977876, "isaclprotected": false}, "IsDeleted": false, "IsACLProtected": false, "ContainedBy": null, "Aces": [{"RightName": "Owns", "IsInherited": false, "PrincipalSID": "S-1-5-21-129577067-2413250346-221025027-512", "PrincipalType": "Group"}, {"RightName": "WriteOwner", "IsInherited": false, "PrincipalSID": "S-1-5-21-129577067-2413250346-221025027-512", "PrincipalType": "Group"}, {"RightName": "WriteDacl", "IsInherited": false, "PrincipalSID": "S-1-5-21-129577067-2413250346-221025027-512", "PrincipalType": "Group"}, {"RightName": "GenericAll", "IsInherited": true, "PrincipalSID": "S-1-5-21-3349808549-1103713970-3947480754-519", "PrincipalType": "Group"}, {"RightName": "WriteOwner", "IsInherited": true, "PrincipalSID": "NORTH.SEVENKINGDOMS.LOCAL-S-1-5-32-544", "PrincipalType": "Group"}, {"RightName": "WriteDacl", "IsInherited": true, "PrincipalSID": "NORTH.SEVENKINGDOMS.LOCAL-S-1-5-32-544", "PrincipalType": "Group"}], "ChildObjects": []},{"ObjectIdentifier": "8FF1B229-A086-4DC1-AB10-6CA7DE1ABD42", "Properties": {"domain": "NORTH.SEVENKINGDOMS.LOCAL", "name": "MICROSOFT@NORTH.SEVENKINGDOMS.LOCAL", "distinguishedname": "CN=MICROSOFT,CN=PROGRAM DATA,DC=NORTH,DC=SEVENKINGDOMS,DC=LOCAL", "domainsid": "S-1-5-21-129577067-2413250346-221025027", "highvalue": false, "description": "Default location for storage of Microsoft application data.", "whencreated": 1748977876, "isaclprotected": false}, "IsDeleted": false, "IsACLProtected": false, "ContainedBy": null, "Aces": [{"RightName": "Owns", "IsInherited": false, "PrincipalSID": "S-1-5-21-129577067-2413250346-221025027-512", "PrincipalType": "Group"}, {"RightName": "GenericAll", "IsInherited": false, "PrincipalSID": "S-1-5-21-129577067-2413250346-221025027-512", "PrincipalType": "Group"}, {"RightName": "GenericAll", "IsInherited": true, "PrincipalSID": "S-1-5-21-3349808549-1103713970-3947480754-519", "PrincipalType": "Group"}, {"RightName": "WriteOwner", "IsInherited": true, "PrincipalSID": "NORTH.SEVENKINGDOMS.LOCAL-S-1-5-32-544", "PrincipalType": "Group"}, {"RightName": "WriteDacl", "IsInherited": true, "PrincipalSID": "NORTH.SEVENKINGDOMS.LOCAL-S-1-5-32-544", "PrincipalType": "Group"}], "ChildObjects": []},{"ObjectIdentifier": "5D438CC1-09B4-4375-A4CF-C97FDC7E3406", "Properties": {"domain": "NORTH.SEVENKINGDOMS.LOCAL", "name": "PROGRAM DATA@NORTH.SEVENKINGDOMS.LOCAL", "distinguishedname": "CN=PROGRAM DATA,DC=NORTH,DC=SEVENKINGDOMS,DC=LOCAL", "domainsid": "S-1-5-21-129577067-2413250346-221025027", "highvalue": false, "description": "Default location for storage of application data.", "whencreated": 1748977876, "isaclprotected": false}, "IsDeleted": false, "IsACLProtected": false, "ContainedBy": null, "Aces": [{"RightName": "Owns", "IsInherited": false, "PrincipalSID": "S-1-5-21-129577067-2413250346-221025027-512", "PrincipalType": "Group"}, {"RightName": "GenericAll", "IsInherited": false, "PrincipalSID": "S-1-5-21-129577067-2413250346-221025027-512", "PrincipalType": "Group"}, {"RightName": "GenericAll", "IsInherited": true, "PrincipalSID": "S-1-5-21-3349808549-1103713970-3947480754-519", "PrincipalType": "Group"}, {"RightName": "WriteOwner", "IsInherited": true, "PrincipalSID": "NORTH.SEVENKINGDOMS.LOCAL-S-1-5-32-544", "PrincipalType": "Group"}, {"RightName": "WriteDacl", "IsInherited": true, "PrincipalSID": "NORTH.SEVENKINGDOMS.LOCAL-S-1-5-32-544", "PrincipalType": "Group"}], "ChildObjects": []},{"ObjectIdentifier": "7C1F95C8-DCAC-4E36-9D8F-F57A88792617", "Properties": {"domain": "NORTH.SEVENKINGDOMS.LOCAL", "name": "WMIGPO@NORTH.SEVENKINGDOMS.LOCAL", "distinguishedname": "CN=WMIGPO,CN=WMIPOLICY,CN=SYSTEM,DC=NORTH,DC=SEVENKINGDOMS,DC=LOCAL", "domainsid": "S-1-5-21-129577067-2413250346-221025027", "highvalue": false, "description": "", "whencreated": 1748977876, "isaclprotected": false}, "IsDeleted": false, "IsACLProtected": false, "ContainedBy": null, "Aces": [{"RightName": "Owns", "IsInherited": false, "PrincipalSID": "S-1-5-21-129577067-2413250346-221025027-512", "PrincipalType": "Group"}, {"RightName": "WriteOwner", "IsInherited": false, "PrincipalSID": "S-1-5-21-129577067-2413250346-221025027-512", "PrincipalType": "Group"}, {"RightName": "WriteDacl", "IsInherited": false, "PrincipalSID": "S-1-5-21-129577067-2413250346-221025027-512", "PrincipalType": "Group"}, {"RightName": "GenericAll", "IsInherited": true, "PrincipalSID": "S-1-5-21-3349808549-1103713970-3947480754-519", "PrincipalType": "Group"}, {"RightName": "GenericAll", "IsInherited": true, "PrincipalSID": "S-1-5-21-129577067-2413250346-221025027-512", "PrincipalType": "Group"}], "ChildObjects": []},{"ObjectIdentifier": "D031CFE2-BA34-4DE9-9C6F-070E3B6DEDD8", "Properties": {"domain": "NORTH.SEVENKINGDOMS.LOCAL", "name": "FOREIGNSECURITYPRINCIPALS@NORTH.SEVENKINGDOMS.LOCAL", "distinguishedname": "CN=FOREIGNSECURITYPRINCIPALS,DC=NORTH,DC=SEVENKINGDOMS,DC=LOCAL", "domainsid": "S-1-5-21-129577067-2413250346-221025027", "highvalue": false, "description": "Default container for security identifiers (SIDs) associated with objects from external, trusted domains", "whencreated": 1748977876, "isaclprotected": false}, "IsDeleted": false, "IsACLProtected": false, "ContainedBy": null, "Aces": [{"RightName": "Owns", "IsInherited": false, "PrincipalSID": "S-1-5-21-129577067-2413250346-221025027-512", "PrincipalType": "Group"}, {"RightName": "GenericAll", "IsInherited": false, "PrincipalSID": "S-1-5-21-129577067-2413250346-221025027-512", "PrincipalType": "Group"}, {"RightName": "GenericAll", "IsInherited": true, "PrincipalSID": "S-1-5-21-3349808549-1103713970-3947480754-519", "PrincipalType": "Group"}, {"RightName": "WriteOwner", "IsInherited": true, "PrincipalSID": "NORTH.SEVENKINGDOMS.LOCAL-S-1-5-32-544", "PrincipalType": "Group"}, {"RightName": "WriteDacl", "IsInherited": true, "PrincipalSID": "NORTH.SEVENKINGDOMS.LOCAL-S-1-5-32-544", "PrincipalType": "Group"}], "ChildObjects": []},{"ObjectIdentifier": "07CADB45-90B7-4D31-A3E4-27FF70815F97", "Properties": {"domain": "NORTH.SEVENKINGDOMS.LOCAL", "name": "POLICYTYPE@NORTH.SEVENKINGDOMS.LOCAL", "distinguishedname": "CN=POLICYTYPE,CN=WMIPOLICY,CN=SYSTEM,DC=NORTH,DC=SEVENKINGDOMS,DC=LOCAL", "domainsid": "S-1-5-21-129577067-2413250346-221025027", "highvalue": false, "description": "", "whencreated": 1748977876, "isaclprotected": false}, "IsDeleted": false, "IsACLProtected": false, "ContainedBy": null, "Aces": [{"RightName": "Owns", "IsInherited": false, "PrincipalSID": "S-1-5-21-129577067-2413250346-221025027-512", "PrincipalType": "Group"}, {"RightName": "WriteOwner", "IsInherited": false, "PrincipalSID": "S-1-5-21-129577067-2413250346-221025027-512", "PrincipalType": "Group"}, {"RightName": "WriteDacl", "IsInherited": false, "PrincipalSID": "S-1-5-21-129577067-2413250346-221025027-512", "PrincipalType": "Group"}, {"RightName": "GenericAll", "IsInherited": true, "PrincipalSID": "S-1-5-21-3349808549-1103713970-3947480754-519", "PrincipalType": "Group"}, {"RightName": "GenericAll", "IsInherited": true, "PrincipalSID": "S-1-5-21-129577067-2413250346-221025027-512", "PrincipalType": "Group"}], "ChildObjects": []},{"ObjectIdentifier": "26BD45A1-1AF0-4560-A628-5B1D9053888B", "Properties": {"domain": "NORTH.SEVENKINGDOMS.LOCAL", "name": "SOM@NORTH.SEVENKINGDOMS.LOCAL", "distinguishedname": "CN=SOM,CN=WMIPOLICY,CN=SYSTEM,DC=NORTH,DC=SEVENKINGDOMS,DC=LOCAL", "domainsid": "S-1-5-21-129577067-2413250346-221025027", "highvalue": false, "description": "", "whencreated": 1748977876, "isaclprotected": true}, "IsDeleted": false, "IsACLProtected": true, "ContainedBy": null, "Aces": [{"RightName": "Owns", "IsInherited": false, "PrincipalSID": "S-1-5-21-129577067-2413250346-221025027-512", "PrincipalType": "Group"}, {"RightName": "GenericAll", "IsInherited": false, "PrincipalSID": "S-1-5-21-129577067-2413250346-221025027-512", "PrincipalType": "Group"}, {"RightName": "GenericAll", "IsInherited": false, "PrincipalSID": "S-1-5-21-3349808549-1103713970-3947480754-519", "PrincipalType": "Group"}], "ChildObjects": []},{"ObjectIdentifier": "891EC112-6B85-4D5D-BFE1-2A67D1C825D4", "Properties": {"domain": "NORTH.SEVENKINGDOMS.LOCAL", "name": "POLICYTEMPLATE@NORTH.SEVENKINGDOMS.LOCAL", "distinguishedname": "CN=POLICYTEMPLATE,CN=WMIPOLICY,CN=SYSTEM,DC=NORTH,DC=SEVENKINGDOMS,DC=LOCAL", "domainsid": "S-1-5-21-129577067-2413250346-221025027", "highvalue": false, "description": "", "whencreated": 1748977876, "isaclprotected": false}, "IsDeleted": false, "IsACLProtected": false, "ContainedBy": null, "Aces": [{"RightName": "Owns", "IsInherited": false, "PrincipalSID": "S-1-5-21-129577067-2413250346-221025027-512", "PrincipalType": "Group"}, {"RightName": "WriteOwner", "IsInherited": false, "PrincipalSID": "S-1-5-21-129577067-2413250346-221025027-512", "PrincipalType": "Group"}, {"RightName": "WriteDacl", "IsInherited": false, "PrincipalSID": "S-1-5-21-129577067-2413250346-221025027-512", "PrincipalType": "Group"}, {"RightName": "GenericAll", "IsInherited": true, "PrincipalSID": "S-1-5-21-3349808549-1103713970-3947480754-519", "PrincipalType": "Group"}, {"RightName": "GenericAll", "IsInherited": true, "PrincipalSID": "S-1-5-21-129577067-2413250346-221025027-512", "PrincipalType": "Group"}], "ChildObjects": []},{"ObjectIdentifier": "F752E3A6-C55E-44AC-9932-F3C16D1D967F", "Properties": {"domain": "NORTH.SEVENKINGDOMS.LOCAL", "name": "WMIPOLICY@NORTH.SEVENKINGDOMS.LOCAL", "distinguishedname": "CN=WMIPOLICY,CN=SYSTEM,DC=NORTH,DC=SEVENKINGDOMS,DC=LOCAL", "domainsid": "S-1-5-21-129577067-2413250346-221025027", "highvalue": false, "description": "", "whencreated": 1748977876, "isaclprotected": true}, "IsDeleted": false, "IsACLProtected": true, "ContainedBy": null, "Aces": [{"RightName": "Owns", "IsInherited": false, "PrincipalSID": "S-1-5-21-129577067-2413250346-221025027-512", "PrincipalType": "Group"}, {"RightName": "GenericAll", "IsInherited": false, "PrincipalSID": "S-1-5-21-3349808549-1103713970-3947480754-519", "PrincipalType": "Group"}, {"RightName": "GenericAll", "IsInherited": false, "PrincipalSID": "S-1-5-21-129577067-2413250346-221025027-512", "PrincipalType": "Group"}], "ChildObjects": []},{"ObjectIdentifier": "B5564A4F-A7D9-4E5B-9D7E-B2E40C1ED16F", "Properties": {"domain": "NORTH.SEVENKINGDOMS.LOCAL", "name": "COMPARTITIONSETS@NORTH.SEVENKINGDOMS.LOCAL", "distinguishedname": "CN=COMPARTITIONSETS,CN=SYSTEM,DC=NORTH,DC=SEVENKINGDOMS,DC=LOCAL", "domainsid": "S-1-5-21-129577067-2413250346-221025027", "highvalue": false, "description": "", "whencreated": 1748977876, "isaclprotected": false}, "IsDeleted": false, "IsACLProtected": false, "ContainedBy": null, "Aces": [{"RightName": "Owns", "IsInherited": false, "PrincipalSID": "S-1-5-21-129577067-2413250346-221025027-512", "PrincipalType": "Group"}, {"RightName": "WriteOwner", "IsInherited": false, "PrincipalSID": "S-1-5-21-129577067-2413250346-221025027-512", "PrincipalType": "Group"}, {"RightName": "WriteDacl", "IsInherited": false, "PrincipalSID": "S-1-5-21-129577067-2413250346-221025027-512", "PrincipalType": "Group"}, {"RightName": "GenericAll", "IsInherited": true, "PrincipalSID": "S-1-5-21-3349808549-1103713970-3947480754-519", "PrincipalType": "Group"}, {"RightName": "WriteOwner", "IsInherited": true, "PrincipalSID": "NORTH.SEVENKINGDOMS.LOCAL-S-1-5-32-544", "PrincipalType": "Group"}, {"RightName": "WriteDacl", "IsInherited": true, "PrincipalSID": "NORTH.SEVENKINGDOMS.LOCAL-S-1-5-32-544", "PrincipalType": "Group"}], "ChildObjects": []},{"ObjectIdentifier": "21BF7CE1-4E10-4D5C-98F2-F6AC8F36627D", "Properties": {"domain": "NORTH.SEVENKINGDOMS.LOCAL", "name": "COMPARTITIONS@NORTH.SEVENKINGDOMS.LOCAL", "distinguishedname": "CN=COMPARTITIONS,CN=SYSTEM,DC=NORTH,DC=SEVENKINGDOMS,DC=LOCAL", "domainsid": "S-1-5-21-129577067-2413250346-221025027", "highvalue": false, "description": "", "whencreated": 1748977876, "isaclprotected": false}, "IsDeleted": false, "IsACLProtected": false, "ContainedBy": null, "Aces": [{"RightName": "Owns", "IsInherited": false, "PrincipalSID": "S-1-5-21-129577067-2413250346-221025027-512", "PrincipalType": "Group"}, {"RightName": "WriteOwner", "IsInherited": false, "PrincipalSID": "S-1-5-21-129577067-2413250346-221025027-512", "PrincipalType": "Group"}, {"RightName": "WriteDacl", "IsInherited": false, "PrincipalSID": "S-1-5-21-129577067-2413250346-221025027-512", "PrincipalType": "Group"}, {"RightName": "GenericAll", "IsInherited": true, "PrincipalSID": "S-1-5-21-3349808549-1103713970-3947480754-519", "PrincipalType": "Group"}, {"RightName": "WriteOwner", "IsInherited": true, "PrincipalSID": "NORTH.SEVENKINGDOMS.LOCAL-S-1-5-32-544", "PrincipalType": "Group"}, {"RightName": "WriteDacl", "IsInherited": true, "PrincipalSID": "NORTH.SEVENKINGDOMS.LOCAL-S-1-5-32-544", "PrincipalType": "Group"}], "ChildObjects": []},{"ObjectIdentifier": "0699913F-CC3E-4831-8B02-8EE2AEBE296A", "Properties": {"domain": "NORTH.SEVENKINGDOMS.LOCAL", "name": "ADMINSDHOLDER@NORTH.SEVENKINGDOMS.LOCAL", "distinguishedname": "CN=ADMINSDHOLDER,CN=SYSTEM,DC=NORTH,DC=SEVENKINGDOMS,DC=LOCAL", "domainsid": "S-1-5-21-129577067-2413250346-221025027", "highvalue": false, "description": "", "whencreated": 1748977876, "isaclprotected": true}, "IsDeleted": false, "IsACLProtected": true, "ContainedBy": null, "Aces": [{"RightName": "Owns", "IsInherited": false, "PrincipalSID": "S-1-5-21-129577067-2413250346-221025027-512", "PrincipalType": "Group"}, {"RightName": "WriteOwner", "IsInherited": false, "PrincipalSID": "S-1-5-21-129577067-2413250346-221025027-512", "PrincipalType": "Group"}, {"RightName": "WriteDacl", "IsInherited": false, "PrincipalSID": "S-1-5-21-129577067-2413250346-221025027-512", "PrincipalType": "Group"}, {"RightName": "WriteOwner", "IsInherited": false, "PrincipalSID": "S-1-5-21-3349808549-1103713970-3947480754-519", "PrincipalType": "Group"}, {"RightName": "WriteDacl", "IsInherited": false, "PrincipalSID": "S-1-5-21-3349808549-1103713970-3947480754-519", "PrincipalType": "Group"}, {"RightName": "WriteOwner", "IsInherited": false, "PrincipalSID": "NORTH.SEVENKINGDOMS.LOCAL-S-1-5-32-544", "PrincipalType": "Group"}, {"RightName": "WriteDacl", "IsInherited": false, "PrincipalSID": "NORTH.SEVENKINGDOMS.LOCAL-S-1-5-32-544", "PrincipalType": "Group"}], "ChildObjects": []},{"ObjectIdentifier": "CE3882C7-3733-48D9-A6DB-6856C3E81A18", "Properties": {"domain": "NORTH.SEVENKINGDOMS.LOCAL", "name": "RAS AND IAS SERVERS ACCESS CHECK@NORTH.SEVENKINGDOMS.LOCAL", "distinguishedname": "CN=RAS AND IAS SERVERS ACCESS CHECK,CN=SYSTEM,DC=NORTH,DC=SEVENKINGDOMS,DC=LOCAL", "domainsid": "S-1-5-21-129577067-2413250346-221025027", "highvalue": false, "description": "", "whencreated": 1748977876, "isaclprotected": false}, "IsDeleted": false, "IsACLProtected": false, "ContainedBy": null, "Aces": [{"RightName": "Owns", "IsInherited": false, "PrincipalSID": "S-1-5-21-129577067-2413250346-221025027-512", "PrincipalType": "Group"}, {"RightName": "WriteOwner", "IsInherited": false, "PrincipalSID": "S-1-5-21-129577067-2413250346-221025027-553", "PrincipalType": "Group"}, {"RightName": "WriteDacl", "IsInherited": false, "PrincipalSID": "S-1-5-21-129577067-2413250346-221025027-553", "PrincipalType": "Group"}, {"RightName": "GenericAll", "IsInherited": true, "PrincipalSID": "S-1-5-21-3349808549-1103713970-3947480754-519", "PrincipalType": "Group"}, {"RightName": "WriteOwner", "IsInherited": true, "PrincipalSID": "NORTH.SEVENKINGDOMS.LOCAL-S-1-5-32-544", "PrincipalType": "Group"}, {"RightName": "WriteDacl", "IsInherited": true, "PrincipalSID": "NORTH.SEVENKINGDOMS.LOCAL-S-1-5-32-544", "PrincipalType": "Group"}], "ChildObjects": []},{"ObjectIdentifier": "D1A02785-AB1D-43FD-AA95-2346D34432D2", "Properties": {"domain": "NORTH.SEVENKINGDOMS.LOCAL", "name": "POLICIES@NORTH.SEVENKINGDOMS.LOCAL", "distinguishedname": "CN=POLICIES,CN=SYSTEM,DC=NORTH,DC=SEVENKINGDOMS,DC=LOCAL", "domainsid": "S-1-5-21-129577067-2413250346-221025027", "highvalue": false, "description": "", "whencreated": 1748977876, "isaclprotected": false}, "IsDeleted": false, "IsACLProtected": false, "ContainedBy": null, "Aces": [{"RightName": "Owns", "IsInherited": false, "PrincipalSID": "S-1-5-21-129577067-2413250346-221025027-512", "PrincipalType": "Group"}, {"RightName": "WriteOwner", "IsInherited": false, "PrincipalSID": "S-1-5-21-129577067-2413250346-221025027-512", "PrincipalType": "Group"}, {"RightName": "WriteDacl", "IsInherited": false, "PrincipalSID": "S-1-5-21-129577067-2413250346-221025027-512", "PrincipalType": "Group"}, {"RightName": "GenericAll", "IsInherited": true, "PrincipalSID": "S-1-5-21-3349808549-1103713970-3947480754-519", "PrincipalType": "Group"}, {"RightName": "WriteOwner", "IsInherited": true, "PrincipalSID": "NORTH.SEVENKINGDOMS.LOCAL-S-1-5-32-544", "PrincipalType": "Group"}, {"RightName": "WriteDacl", "IsInherited": true, "PrincipalSID": "NORTH.SEVENKINGDOMS.LOCAL-S-1-5-32-544", "PrincipalType": "Group"}], "ChildObjects": []},{"ObjectIdentifier": "0D9D198C-95EB-42D5-9759-F9E7178A4A30", "Properties": {"domain": "NORTH.SEVENKINGDOMS.LOCAL", "name": "MEETINGS@NORTH.SEVENKINGDOMS.LOCAL", "distinguishedname": "CN=MEETINGS,CN=SYSTEM,DC=NORTH,DC=SEVENKINGDOMS,DC=LOCAL", "domainsid": "S-1-5-21-129577067-2413250346-221025027", "highvalue": false, "description": "", "whencreated": 1748977876, "isaclprotected": false}, "IsDeleted": false, "IsACLProtected": false, "ContainedBy": null, "Aces": [{"RightName": "Owns", "IsInherited": false, "PrincipalSID": "S-1-5-21-129577067-2413250346-221025027-512", "PrincipalType": "Group"}, {"RightName": "WriteOwner", "IsInherited": false, "PrincipalSID": "S-1-5-21-129577067-2413250346-221025027-512", "PrincipalType": "Group"}, {"RightName": "WriteDacl", "IsInherited": false, "PrincipalSID": "S-1-5-21-129577067-2413250346-221025027-512", "PrincipalType": "Group"}, {"RightName": "GenericAll", "IsInherited": true, "PrincipalSID": "S-1-5-21-3349808549-1103713970-3947480754-519", "PrincipalType": "Group"}, {"RightName": "WriteOwner", "IsInherited": true, "PrincipalSID": "NORTH.SEVENKINGDOMS.LOCAL-S-1-5-32-544", "PrincipalType": "Group"}, {"RightName": "WriteDacl", "IsInherited": true, "PrincipalSID": "NORTH.SEVENKINGDOMS.LOCAL-S-1-5-32-544", "PrincipalType": "Group"}], "ChildObjects": []},{"ObjectIdentifier": "42CBAD83-5D40-45E5-8A43-98DF4E585312", "Properties": {"domain": "NORTH.SEVENKINGDOMS.LOCAL", "name": "WINSOCKSERVICES@NORTH.SEVENKINGDOMS.LOCAL", "distinguishedname": "CN=WINSOCKSERVICES,CN=SYSTEM,DC=NORTH,DC=SEVENKINGDOMS,DC=LOCAL", "domainsid": "S-1-5-21-129577067-2413250346-221025027", "highvalue": false, "description": "", "whencreated": 1748977876, "isaclprotected": false}, "IsDeleted": false, "IsACLProtected": false, "ContainedBy": null, "Aces": [{"RightName": "Owns", "IsInherited": false, "PrincipalSID": "S-1-5-21-129577067-2413250346-221025027-512", "PrincipalType": "Group"}, {"RightName": "WriteOwner", "IsInherited": false, "PrincipalSID": "S-1-5-21-129577067-2413250346-221025027-512", "PrincipalType": "Group"}, {"RightName": "WriteDacl", "IsInherited": false, "PrincipalSID": "S-1-5-21-129577067-2413250346-221025027-512", "PrincipalType": "Group"}, {"RightName": "GenericAll", "IsInherited": true, "PrincipalSID": "S-1-5-21-3349808549-1103713970-3947480754-519", "PrincipalType": "Group"}, {"RightName": "WriteOwner", "IsInherited": true, "PrincipalSID": "NORTH.SEVENKINGDOMS.LOCAL-S-1-5-32-544", "PrincipalType": "Group"}, {"RightName": "WriteDacl", "IsInherited": true, "PrincipalSID": "NORTH.SEVENKINGDOMS.LOCAL-S-1-5-32-544", "PrincipalType": "Group"}], "ChildObjects": []},{"ObjectIdentifier": "523330BE-CB8D-40E0-9EDE-1B71FCD56C55", "Properties": {"domain": "NORTH.SEVENKINGDOMS.LOCAL", "name": "SYSTEM@NORTH.SEVENKINGDOMS.LOCAL", "distinguishedname": "CN=SYSTEM,DC=NORTH,DC=SEVENKINGDOMS,DC=LOCAL", "domainsid": "S-1-5-21-129577067-2413250346-221025027", "highvalue": false, "description": "Builtin system settings", "whencreated": 1748977876, "isaclprotected": false}, "IsDeleted": false, "IsACLProtected": false, "ContainedBy": null, "Aces": [{"RightName": "Owns", "IsInherited": false, "PrincipalSID": "S-1-5-21-129577067-2413250346-221025027-512", "PrincipalType": "Group"}, {"RightName": "WriteOwner", "IsInherited": false, "PrincipalSID": "S-1-5-21-129577067-2413250346-221025027-512", "PrincipalType": "Group"}, {"RightName": "WriteDacl", "IsInherited": false, "PrincipalSID": "S-1-5-21-129577067-2413250346-221025027-512", "PrincipalType": "Group"}, {"RightName": "GenericAll", "IsInherited": true, "PrincipalSID": "S-1-5-21-3349808549-1103713970-3947480754-519", "PrincipalType": "Group"}, {"RightName": "WriteOwner", "IsInherited": true, "PrincipalSID": "NORTH.SEVENKINGDOMS.LOCAL-S-1-5-32-544", "PrincipalType": "Group"}, {"RightName": "WriteDacl", "IsInherited": true, "PrincipalSID": "NORTH.SEVENKINGDOMS.LOCAL-S-1-5-32-544", "PrincipalType": "Group"}], "ChildObjects": []},{"ObjectIdentifier": "1B638371-B163-47BE-B6D4-2D7D86DB6597", "Properties": {"domain": "NORTH.SEVENKINGDOMS.LOCAL", "name": "COMPUTERS@NORTH.SEVENKINGDOMS.LOCAL", "distinguishedname": "CN=COMPUTERS,DC=NORTH,DC=SEVENKINGDOMS,DC=LOCAL", "domainsid": "S-1-5-21-129577067-2413250346-221025027", "highvalue": false, "description": "Default container for upgraded computer accounts", "whencreated": 1748977876, "isaclprotected": false}, "IsDeleted": false, "IsACLProtected": false, "ContainedBy": null, "Aces": [{"RightName": "Owns", "IsInherited": false, "PrincipalSID": "S-1-5-21-129577067-2413250346-221025027-512", "PrincipalType": "Group"}, {"RightName": "WriteOwner", "IsInherited": false, "PrincipalSID": "S-1-5-21-129577067-2413250346-221025027-512", "PrincipalType": "Group"}, {"RightName": "WriteDacl", "IsInherited": false, "PrincipalSID": "S-1-5-21-129577067-2413250346-221025027-512", "PrincipalType": "Group"}, {"RightName": "GenericAll", "IsInherited": true, "PrincipalSID": "S-1-5-21-3349808549-1103713970-3947480754-519", "PrincipalType": "Group"}, {"RightName": "WriteOwner", "IsInherited": true, "PrincipalSID": "NORTH.SEVENKINGDOMS.LOCAL-S-1-5-32-544", "PrincipalType": "Group"}, {"RightName": "WriteDacl", "IsInherited": true, "PrincipalSID": "NORTH.SEVENKINGDOMS.LOCAL-S-1-5-32-544", "PrincipalType": "Group"}], "ChildObjects": [{"ObjectIdentifier": "S-1-5-21-129577067-2413250346-221025027-1105", "ObjectType": "Computer"}]},{"ObjectIdentifier": "C05D33F7-BCD8-4F6B-AD7A-5D19AA677C67", "Properties": {"domain": "NORTH.SEVENKINGDOMS.LOCAL", "name": "USERS@NORTH.SEVENKINGDOMS.LOCAL", "distinguishedname": "CN=USERS,DC=NORTH,DC=SEVENKINGDOMS,DC=LOCAL", "domainsid": "S-1-5-21-129577067-2413250346-221025027", "highvalue": false, "description": "Default container for upgraded user accounts", "whencreated": 1748977876, "isaclprotected": false}, "IsDeleted": false, "IsACLProtected": false, "ContainedBy": null, "Aces": [{"RightName": "Owns", "IsInherited": false, "PrincipalSID": "S-1-5-21-129577067-2413250346-221025027-512", "PrincipalType": "Group"}, {"RightName": "WriteOwner", "IsInherited": false, "PrincipalSID": "S-1-5-21-129577067-2413250346-221025027-512", "PrincipalType": "Group"}, {"RightName": "WriteDacl", "IsInherited": false, "PrincipalSID": "S-1-5-21-129577067-2413250346-221025027-512", "PrincipalType": "Group"}, {"RightName": "GenericAll", "IsInherited": true, "PrincipalSID": "S-1-5-21-3349808549-1103713970-3947480754-519", "PrincipalType": "Group"}, {"RightName": "WriteOwner", "IsInherited": true, "PrincipalSID": "NORTH.SEVENKINGDOMS.LOCAL-S-1-5-32-544", "PrincipalType": "Group"}, {"RightName": "WriteDacl", "IsInherited": true, "PrincipalSID": "NORTH.SEVENKINGDOMS.LOCAL-S-1-5-32-544", "PrincipalType": "Group"}], "ChildObjects": [{"ObjectIdentifier": "S-1-5-21-129577067-2413250346-221025027-1000", "ObjectType": "User"}, {"ObjectIdentifier": "S-1-5-21-129577067-2413250346-221025027-1106", "ObjectType": "Group"}, {"ObjectIdentifier": "S-1-5-21-129577067-2413250346-221025027-1121", "ObjectType": "User"}, {"ObjectIdentifier": "S-1-5-21-129577067-2413250346-221025027-1104", "ObjectType": "trustaccount"}, {"ObjectIdentifier": "S-1-5-21-129577067-2413250346-221025027-1114", "ObjectType": "User"}, {"ObjectIdentifier": "S-1-5-21-129577067-2413250346-221025027-1119", "ObjectType": "User"}, {"ObjectIdentifier": "S-1-5-21-129577067-2413250346-221025027-1113", "ObjectType": "User"}, {"ObjectIdentifier": "S-1-5-21-129577067-2413250346-221025027-1116", "ObjectType": "User"}, {"ObjectIdentifier": "S-1-5-21-129577067-2413250346-221025027-521", "ObjectType": "Group"}, {"ObjectIdentifier": "S-1-5-21-129577067-2413250346-221025027-553", "ObjectType": "Group"}, {"ObjectIdentifier": "S-1-5-21-129577067-2413250346-221025027-525", "ObjectType": "Group"}, {"ObjectIdentifier": "S-1-5-21-129577067-2413250346-221025027-1107", "ObjectType": "Group"}, {"ObjectIdentifier": "S-1-5-21-129577067-2413250346-221025027-1108", "ObjectType": "Group"}, {"ObjectIdentifier": "S-1-5-21-129577067-2413250346-221025027-502", "ObjectType": "User"}, {"ObjectIdentifier": "S-1-5-21-129577067-2413250346-221025027-526", "ObjectType": "Group"}, {"ObjectIdentifier": "S-1-5-21-129577067-2413250346-221025027-1118", "ObjectType": "User"}, {"ObjectIdentifier": "S-1-5-21-129577067-2413250346-221025027-1120", "ObjectType": "User"}, {"ObjectIdentifier": "S-1-5-21-129577067-2413250346-221025027-1117", "ObjectType": "User"}, {"ObjectIdentifier": "S-1-5-21-129577067-2413250346-221025027-501", "ObjectType": "User"}, {"ObjectIdentifier": "S-1-5-21-129577067-2413250346-221025027-520", "ObjectType": "Group"}, {"ObjectIdentifier": "S-1-5-21-129577067-2413250346-221025027-1111", "ObjectType": "User"}, {"ObjectIdentifier": "S-1-5-21-129577067-2413250346-221025027-513", "ObjectType": "Group"}, {"ObjectIdentifier": "S-1-5-21-129577067-2413250346-221025027-514", "ObjectType": "Group"}, {"ObjectIdentifier": "S-1-5-21-129577067-2413250346-221025027-516", "ObjectType": "Group"}, {"ObjectIdentifier": "S-1-5-21-129577067-2413250346-221025027-515", "ObjectType": "Group"}, {"ObjectIdentifier": "S-1-5-21-129577067-2413250346-221025027-512", "ObjectType": "Group"}, {"ObjectIdentifier": "S-1-5-21-129577067-2413250346-221025027-1103", "ObjectType": "Group"}, {"ObjectIdentifier": "S-1-5-21-129577067-2413250346-221025027-1102", "ObjectType": "Group"}, {"ObjectIdentifier": "S-1-5-21-129577067-2413250346-221025027-572", "ObjectType": "Group"}, {"ObjectIdentifier": "S-1-5-21-129577067-2413250346-221025027-522", "ObjectType": "Group"}, {"ObjectIdentifier": "S-1-5-21-129577067-2413250346-221025027-517", "ObjectType": "Group"}, {"ObjectIdentifier": "S-1-5-21-129577067-2413250346-221025027-1112", "ObjectType": "User"}, {"ObjectIdentifier": "S-1-5-21-129577067-2413250346-221025027-1115", "ObjectType": "User"}, {"ObjectIdentifier": "S-1-5-21-129577067-2413250346-221025027-1110", "ObjectType": "User"}, {"ObjectIdentifier": "S-1-5-21-129577067-2413250346-221025027-571", "ObjectType": "Group"}, {"ObjectIdentifier": "S-1-5-21-129577067-2413250346-221025027-500", "ObjectType": "User"}, {"ObjectIdentifier": "S-1-5-21-129577067-2413250346-221025027-1109", "ObjectType": "Group"}]}],"meta":{"methods":0,"type":"containers","count":19, "version":6}}