{"data": [{"ObjectIdentifier": "S-1-5-21-3349808549-1103713970-3947480754", "Properties": {"name": "SEVENKINGDOMS.LOCAL", "domain": "SEVENKINGDOMS.LOCAL", "domainsid": "S-1-5-21-3349808549-1103713970-3947480754", "distinguishedname": "DC=SEVENKINGDOMS,DC=LOCAL", "description": "", "functionallevel": "2016", "highvalue": true, "isaclprotected": false, "collected": true, "whencreated": 1748976770}, "Trusts": [{"TargetDomainName": "ESSOS.LOCAL", "TargetDomainSid": "S-1-5-21-2915764185-4093010455-2566636843", "IsTransitive": true, "TrustDirection": "Bidirectional", "TrustType": "Forest", "SidFilteringEnabled": false}, {"TargetDomainName": "NORTH.SEVENKINGDOMS.LOCAL", "TargetDomainSid": "S-1-5-21-129577067-2413250346-221025027", "IsTransitive": true, "TrustDirection": "Bidirectional", "TrustType": "ParentChild", "SidFilteringEnabled": false}], "Aces": [{"RightName": "Owns", "IsInherited": false, "PrincipalSID": "SEVENKINGDOMS.LOCAL-S-1-5-32-544", "PrincipalType": "Group"}, {"RightName": "GetChanges", "IsInherited": false, "PrincipalSID": "S-1-5-21-3349808549-1103713970-3947480754-498", "PrincipalType": "Group"}, {"RightName": "GetChangesAll", "IsInherited": false, "PrincipalSID": "S-1-5-21-3349808549-1103713970-3947480754-516", "PrincipalType": "Group"}, {"RightName": "GetChangesInFilteredSet", "IsInherited": false, "PrincipalSID": "SEVENKINGDOMS.LOCAL-S-1-5-32-544", "PrincipalType": "Group"}, {"RightName": "GetChanges", "IsInherited": false, "PrincipalSID": "SEVENKINGDOMS.LOCAL-S-1-5-32-544", "PrincipalType": "Group"}, {"RightName": "GetChangesAll", "IsInherited": false, "PrincipalSID": "SEVENKINGDOMS.LOCAL-S-1-5-32-544", "PrincipalType": "Group"}, {"RightName": "GetChangesInFilteredSet", "IsInherited": false, "PrincipalSID": "SEVENKINGDOMS.LOCAL-S-1-5-9", "PrincipalType": "Group"}, {"RightName": "GetChanges", "IsInherited": false, "PrincipalSID": "SEVENKINGDOMS.LOCAL-S-1-5-9", "PrincipalType": "Group"}, {"RightName": "WriteOwner", "IsInherited": false, "PrincipalSID": "S-1-5-21-3349808549-1103713970-3947480754-512", "PrincipalType": "Group"}, {"RightName": "AllExtendedRights", "IsInherited": false, "PrincipalSID": "S-1-5-21-3349808549-1103713970-3947480754-512", "PrincipalType": "Group"}, {"RightName": "WriteDacl", "IsInherited": false, "PrincipalSID": "S-1-5-21-3349808549-1103713970-3947480754-512", "PrincipalType": "Group"}, {"RightName": "GenericAll", "IsInherited": false, "PrincipalSID": "S-1-5-21-3349808549-1103713970-3947480754-519", "PrincipalType": "Group"}, {"RightName": "WriteOwner", "IsInherited": false, "PrincipalSID": "SEVENKINGDOMS.LOCAL-S-1-5-32-544", "PrincipalType": "Group"}, {"RightName": "AllExtendedRights", "IsInherited": false, "PrincipalSID": "SEVENKINGDOMS.LOCAL-S-1-5-32-544", "PrincipalType": "Group"}, {"RightName": "WriteDacl", "IsInherited": false, "PrincipalSID": "SEVENKINGDOMS.LOCAL-S-1-5-32-544", "PrincipalType": "Group"}], "Links": [{"IsEnforced": false, "GUID": "1AD756E9-48D1-4376-845B-921EEBB0767B"}], "ChildObjects": [{"ObjectIdentifier": "66FE56FD-1749-4DB0-B7A0-8ACCDA88AE43", "ObjectType": "OU"}, {"ObjectIdentifier": "5D1090CB-C82B-4C14-8168-149198A7397D", "ObjectType": "OU"}, {"ObjectIdentifier": "7A4767CC-0AB8-408F-8178-0522E5C3A751", "ObjectType": "Container"}, {"ObjectIdentifier": "ED6EB279-9478-4F57-8649-E1B422095E29", "ObjectType": "OU"}, {"ObjectIdentifier": "448FB9B5-0CEB-4BF4-A2E6-EBAAEA0F289D", "ObjectType": "OU"}, {"ObjectIdentifier": "9D71DFA2-E96C-491C-BF80-5B68DC461576", "ObjectType": "OU"}, {"ObjectIdentifier": "FD1165D5-6577-4905-9882-438F9BF96356", "ObjectType": "Container"}, {"ObjectIdentifier": "D28BD69F-E2CA-496F-ADFD-C0E7C20FF86F", "ObjectType": "OU"}, {"ObjectIdentifier": "CF512583-472F-4CE6-9B4A-713814FF28CF", "ObjectType": "Container"}, {"ObjectIdentifier": "F6330295-045C-4F24-A0AA-5835E497B4EB", "ObjectType": "OU"}, {"ObjectIdentifier": "04F8CC0A-C2A8-4853-9777-B075F0B562CF", "ObjectType": "OU"}, {"ObjectIdentifier": "8BCDED5E-796F-4154-B961-F199516ADEDE", "ObjectType": "OU"}, {"ObjectIdentifier": "A3F934D9-8E35-461A-831F-D3D2754A4DAE", "ObjectType": "Container"}], "GPOChanges": {"AffectedComputers": [], "DcomUsers": [], "LocalAdmins": [], "PSRemoteUsers": [], "RemoteDesktopUsers": []}, "IsDeleted": false, "IsACLProtected": false}], "meta": {"type": "domains", "count": 1, "version": 6}}