{"data":[{"ObjectIdentifier": "B9ADF8FA-0F4D-44D2-8174-429A319D97F5", "Properties": {"domain": "SEVENKINGDOMS.LOCAL", "name": "WMIGPO@SEVENKINGDOMS.LOCAL", "distinguishedname": "CN=WMIGPO,CN=WMIPOLICY,CN=SYSTEM,DC=SEVENKINGDOMS,DC=LOCAL", "domainsid": "S-1-5-21-3349808549-1103713970-3947480754", "highvalue": false, "description": "", "whencreated": 1748976776, "isaclprotected": false}, "IsDeleted": false, "IsACLProtected": false, "ContainedBy": null, "Aces": [{"RightName": "Owns", "IsInherited": false, "PrincipalSID": "S-1-5-21-3349808549-1103713970-3947480754-512", "PrincipalType": "Group"}, {"RightName": "WriteOwner", "IsInherited": false, "PrincipalSID": "S-1-5-21-3349808549-1103713970-3947480754-512", "PrincipalType": "Group"}, {"RightName": "WriteDacl", "IsInherited": false, "PrincipalSID": "S-1-5-21-3349808549-1103713970-3947480754-512", "PrincipalType": "Group"}, {"RightName": "GenericAll", "IsInherited": true, "PrincipalSID": "S-1-5-21-3349808549-1103713970-3947480754-519", "PrincipalType": "Group"}, {"RightName": "GenericAll", "IsInherited": true, "PrincipalSID": "S-1-5-21-3349808549-1103713970-3947480754-512", "PrincipalType": "Group"}], "ChildObjects": []},{"ObjectIdentifier": "16A8B036-1494-4F4A-A8FF-ADDCD8673B8E", "Properties": {"domain": "SEVENKINGDOMS.LOCAL", "name": "POLICYTYPE@SEVENKINGDOMS.LOCAL", "distinguishedname": "CN=POLICYTYPE,CN=WMIPOLICY,CN=SYSTEM,DC=SEVENKINGDOMS,DC=LOCAL", "domainsid": "S-1-5-21-3349808549-1103713970-3947480754", "highvalue": false, "description": "", "whencreated": 1748976776, "isaclprotected": false}, "IsDeleted": false, "IsACLProtected": false, "ContainedBy": null, "Aces": [{"RightName": "Owns", "IsInherited": false, "PrincipalSID": "S-1-5-21-3349808549-1103713970-3947480754-512", "PrincipalType": "Group"}, {"RightName": "WriteOwner", "IsInherited": false, "PrincipalSID": "S-1-5-21-3349808549-1103713970-3947480754-512", "PrincipalType": "Group"}, {"RightName": "WriteDacl", "IsInherited": false, "PrincipalSID": "S-1-5-21-3349808549-1103713970-3947480754-512", "PrincipalType": "Group"}, {"RightName": "GenericAll", "IsInherited": true, "PrincipalSID": "S-1-5-21-3349808549-1103713970-3947480754-519", "PrincipalType": "Group"}, {"RightName": "GenericAll", "IsInherited": true, "PrincipalSID": "S-1-5-21-3349808549-1103713970-3947480754-512", "PrincipalType": "Group"}], "ChildObjects": []},{"ObjectIdentifier": "3346E2AC-D9CC-4E69-8718-07343A2F9AF1", "Properties": {"domain": "SEVENKINGDOMS.LOCAL", "name": "SOM@SEVENKINGDOMS.LOCAL", "distinguishedname": "CN=SOM,CN=WMIPOLICY,CN=SYSTEM,DC=SEVENKINGDOMS,DC=LOCAL", "domainsid": "S-1-5-21-3349808549-1103713970-3947480754", "highvalue": false, "description": "", "whencreated": 1748976776, "isaclprotected": true}, "IsDeleted": false, "IsACLProtected": true, "ContainedBy": null, "Aces": [{"RightName": "Owns", "IsInherited": false, "PrincipalSID": "S-1-5-21-3349808549-1103713970-3947480754-512", "PrincipalType": "Group"}, {"RightName": "GenericAll", "IsInherited": false, "PrincipalSID": "S-1-5-21-3349808549-1103713970-3947480754-512", "PrincipalType": "Group"}, {"RightName": "GenericAll", "IsInherited": false, "PrincipalSID": "S-1-5-21-3349808549-1103713970-3947480754-519", "PrincipalType": "Group"}], "ChildObjects": []},{"ObjectIdentifier": "40AC0BF7-9625-49D9-9C13-5B0EAC2F9516", "Properties": {"domain": "SEVENKINGDOMS.LOCAL", "name": "POLICYTEMPLATE@SEVENKINGDOMS.LOCAL", "distinguishedname": "CN=POLICYTEMPLATE,CN=WMIPOLICY,CN=SYSTEM,DC=SEVENKINGDOMS,DC=LOCAL", "domainsid": "S-1-5-21-3349808549-1103713970-3947480754", "highvalue": false, "description": "", "whencreated": 1748976776, "isaclprotected": false}, "IsDeleted": false, "IsACLProtected": false, "ContainedBy": null, "Aces": [{"RightName": "Owns", "IsInherited": false, "PrincipalSID": "S-1-5-21-3349808549-1103713970-3947480754-512", "PrincipalType": "Group"}, {"RightName": "WriteOwner", "IsInherited": false, "PrincipalSID": "S-1-5-21-3349808549-1103713970-3947480754-512", "PrincipalType": "Group"}, {"RightName": "WriteDacl", "IsInherited": false, "PrincipalSID": "S-1-5-21-3349808549-1103713970-3947480754-512", "PrincipalType": "Group"}, {"RightName": "GenericAll", "IsInherited": true, "PrincipalSID": "S-1-5-21-3349808549-1103713970-3947480754-519", "PrincipalType": "Group"}, {"RightName": "GenericAll", "IsInherited": true, "PrincipalSID": "S-1-5-21-3349808549-1103713970-3947480754-512", "PrincipalType": "Group"}], "ChildObjects": []},{"ObjectIdentifier": "32A7E682-F0B3-45E2-B83E-174C8270BEC3", "Properties": {"domain": "SEVENKINGDOMS.LOCAL", "name": "WMIPOLICY@SEVENKINGDOMS.LOCAL", "distinguishedname": "CN=WMIPOLICY,CN=SYSTEM,DC=SEVENKINGDOMS,DC=LOCAL", "domainsid": "S-1-5-21-3349808549-1103713970-3947480754", "highvalue": false, "description": "", "whencreated": 1748976776, "isaclprotected": true}, "IsDeleted": false, "IsACLProtected": true, "ContainedBy": null, "Aces": [{"RightName": "Owns", "IsInherited": false, "PrincipalSID": "S-1-5-21-3349808549-1103713970-3947480754-512", "PrincipalType": "Group"}, {"RightName": "GenericAll", "IsInherited": false, "PrincipalSID": "S-1-5-21-3349808549-1103713970-3947480754-519", "PrincipalType": "Group"}, {"RightName": "GenericAll", "IsInherited": false, "PrincipalSID": "S-1-5-21-3349808549-1103713970-3947480754-512", "PrincipalType": "Group"}], "ChildObjects": []},{"ObjectIdentifier": "341D62DA-11E0-49AC-8326-4F07E154ED9B", "Properties": {"domain": "SEVENKINGDOMS.LOCAL", "name": "COMPARTITIONSETS@SEVENKINGDOMS.LOCAL", "distinguishedname": "CN=COMPARTITIONSETS,CN=SYSTEM,DC=SEVENKINGDOMS,DC=LOCAL", "domainsid": "S-1-5-21-3349808549-1103713970-3947480754", "highvalue": false, "description": "", "whencreated": 1748976776, "isaclprotected": false}, "IsDeleted": false, "IsACLProtected": false, "ContainedBy": null, "Aces": [{"RightName": "Owns", "IsInherited": false, "PrincipalSID": "S-1-5-21-3349808549-1103713970-3947480754-512", "PrincipalType": "Group"}, {"RightName": "WriteOwner", "IsInherited": false, "PrincipalSID": "S-1-5-21-3349808549-1103713970-3947480754-512", "PrincipalType": "Group"}, {"RightName": "WriteDacl", "IsInherited": false, "PrincipalSID": "S-1-5-21-3349808549-1103713970-3947480754-512", "PrincipalType": "Group"}, {"RightName": "GenericAll", "IsInherited": true, "PrincipalSID": "S-1-5-21-3349808549-1103713970-3947480754-519", "PrincipalType": "Group"}, {"RightName": "WriteOwner", "IsInherited": true, "PrincipalSID": "SEVENKINGDOMS.LOCAL-S-1-5-32-544", "PrincipalType": "Group"}, {"RightName": "WriteDacl", "IsInherited": true, "PrincipalSID": "SEVENKINGDOMS.LOCAL-S-1-5-32-544", "PrincipalType": "Group"}], "ChildObjects": []},{"ObjectIdentifier": "33C9F854-1A6A-4B79-ADF6-D4CE9BA5FFEE", "Properties": {"domain": "SEVENKINGDOMS.LOCAL", "name": "COMPARTITIONS@SEVENKINGDOMS.LOCAL", "distinguishedname": "CN=COMPARTITIONS,CN=SYSTEM,DC=SEVENKINGDOMS,DC=LOCAL", "domainsid": "S-1-5-21-3349808549-1103713970-3947480754", "highvalue": false, "description": "", "whencreated": 1748976776, "isaclprotected": false}, "IsDeleted": false, "IsACLProtected": false, "ContainedBy": null, "Aces": [{"RightName": "Owns", "IsInherited": false, "PrincipalSID": "S-1-5-21-3349808549-1103713970-3947480754-512", "PrincipalType": "Group"}, {"RightName": "WriteOwner", "IsInherited": false, "PrincipalSID": "S-1-5-21-3349808549-1103713970-3947480754-512", "PrincipalType": "Group"}, {"RightName": "WriteDacl", "IsInherited": false, "PrincipalSID": "S-1-5-21-3349808549-1103713970-3947480754-512", "PrincipalType": "Group"}, {"RightName": "GenericAll", "IsInherited": true, "PrincipalSID": "S-1-5-21-3349808549-1103713970-3947480754-519", "PrincipalType": "Group"}, {"RightName": "WriteOwner", "IsInherited": true, "PrincipalSID": "SEVENKINGDOMS.LOCAL-S-1-5-32-544", "PrincipalType": "Group"}, {"RightName": "WriteDacl", "IsInherited": true, "PrincipalSID": "SEVENKINGDOMS.LOCAL-S-1-5-32-544", "PrincipalType": "Group"}], "ChildObjects": []},{"ObjectIdentifier": "27EE67B8-4312-4316-BCB0-E2B3931E5197", "Properties": {"domain": "SEVENKINGDOMS.LOCAL", "name": "ADMINSDHOLDER@SEVENKINGDOMS.LOCAL", "distinguishedname": "CN=ADMINSDHOLDER,CN=SYSTEM,DC=SEVENKINGDOMS,DC=LOCAL", "domainsid": "S-1-5-21-3349808549-1103713970-3947480754", "highvalue": false, "description": "", "whencreated": 1748976776, "isaclprotected": true}, "IsDeleted": false, "IsACLProtected": true, "ContainedBy": null, "Aces": [{"RightName": "Owns", "IsInherited": false, "PrincipalSID": "S-1-5-21-3349808549-1103713970-3947480754-512", "PrincipalType": "Group"}, {"RightName": "WriteOwner", "IsInherited": false, "PrincipalSID": "S-1-5-21-3349808549-1103713970-3947480754-512", "PrincipalType": "Group"}, {"RightName": "WriteDacl", "IsInherited": false, "PrincipalSID": "S-1-5-21-3349808549-1103713970-3947480754-512", "PrincipalType": "Group"}, {"RightName": "WriteOwner", "IsInherited": false, "PrincipalSID": "S-1-5-21-3349808549-1103713970-3947480754-519", "PrincipalType": "Group"}, {"RightName": "WriteDacl", "IsInherited": false, "PrincipalSID": "S-1-5-21-3349808549-1103713970-3947480754-519", "PrincipalType": "Group"}, {"RightName": "GenericAll", "IsInherited": false, "PrincipalSID": "S-1-5-21-3349808549-1103713970-3947480754-1122", "PrincipalType": "User"}, {"RightName": "WriteOwner", "IsInherited": false, "PrincipalSID": "SEVENKINGDOMS.LOCAL-S-1-5-32-544", "PrincipalType": "Group"}, {"RightName": "WriteDacl", "IsInherited": false, "PrincipalSID": "SEVENKINGDOMS.LOCAL-S-1-5-32-544", "PrincipalType": "Group"}], "ChildObjects": []},{"ObjectIdentifier": "148E5C03-74DE-4195-9FF5-535867982509", "Properties": {"domain": "SEVENKINGDOMS.LOCAL", "name": "RAS AND IAS SERVERS ACCESS CHECK@SEVENKINGDOMS.LOCAL", "distinguishedname": "CN=RAS AND IAS SERVERS ACCESS CHECK,CN=SYSTEM,DC=SEVENKINGDOMS,DC=LOCAL", "domainsid": "S-1-5-21-3349808549-1103713970-3947480754", "highvalue": false, "description": "", "whencreated": 1748976776, "isaclprotected": false}, "IsDeleted": false, "IsACLProtected": false, "ContainedBy": null, "Aces": [{"RightName": "Owns", "IsInherited": false, "PrincipalSID": "S-1-5-21-3349808549-1103713970-3947480754-512", "PrincipalType": "Group"}, {"RightName": "WriteOwner", "IsInherited": false, "PrincipalSID": "S-1-5-21-3349808549-1103713970-3947480754-553", "PrincipalType": "Group"}, {"RightName": "WriteDacl", "IsInherited": false, "PrincipalSID": "S-1-5-21-3349808549-1103713970-3947480754-553", "PrincipalType": "Group"}, {"RightName": "GenericAll", "IsInherited": true, "PrincipalSID": "S-1-5-21-3349808549-1103713970-3947480754-519", "PrincipalType": "Group"}, {"RightName": "WriteOwner", "IsInherited": true, "PrincipalSID": "SEVENKINGDOMS.LOCAL-S-1-5-32-544", "PrincipalType": "Group"}, {"RightName": "WriteDacl", "IsInherited": true, "PrincipalSID": "SEVENKINGDOMS.LOCAL-S-1-5-32-544", "PrincipalType": "Group"}], "ChildObjects": []},{"ObjectIdentifier": "301BB026-9B58-41AB-9EE2-7019E9BBE07F", "Properties": {"domain": "SEVENKINGDOMS.LOCAL", "name": "POLICIES@SEVENKINGDOMS.LOCAL", "distinguishedname": "CN=POLICIES,CN=SYSTEM,DC=SEVENKINGDOMS,DC=LOCAL", "domainsid": "S-1-5-21-3349808549-1103713970-3947480754", "highvalue": false, "description": "", "whencreated": 1748976776, "isaclprotected": false}, "IsDeleted": false, "IsACLProtected": false, "ContainedBy": null, "Aces": [{"RightName": "Owns", "IsInherited": false, "PrincipalSID": "S-1-5-21-3349808549-1103713970-3947480754-512", "PrincipalType": "Group"}, {"RightName": "WriteOwner", "IsInherited": false, "PrincipalSID": "S-1-5-21-3349808549-1103713970-3947480754-512", "PrincipalType": "Group"}, {"RightName": "WriteDacl", "IsInherited": false, "PrincipalSID": "S-1-5-21-3349808549-1103713970-3947480754-512", "PrincipalType": "Group"}, {"RightName": "GenericAll", "IsInherited": true, "PrincipalSID": "S-1-5-21-3349808549-1103713970-3947480754-519", "PrincipalType": "Group"}, {"RightName": "WriteOwner", "IsInherited": true, "PrincipalSID": "SEVENKINGDOMS.LOCAL-S-1-5-32-544", "PrincipalType": "Group"}, {"RightName": "WriteDacl", "IsInherited": true, "PrincipalSID": "SEVENKINGDOMS.LOCAL-S-1-5-32-544", "PrincipalType": "Group"}], "ChildObjects": []},{"ObjectIdentifier": "67F91D26-3B05-4875-AF41-2611C3F1DDAE", "Properties": {"domain": "SEVENKINGDOMS.LOCAL", "name": "MEETINGS@SEVENKINGDOMS.LOCAL", "distinguishedname": "CN=MEETINGS,CN=SYSTEM,DC=SEVENKINGDOMS,DC=LOCAL", "domainsid": "S-1-5-21-3349808549-1103713970-3947480754", "highvalue": false, "description": "", "whencreated": 1748976776, "isaclprotected": false}, "IsDeleted": false, "IsACLProtected": false, "ContainedBy": null, "Aces": [{"RightName": "Owns", "IsInherited": false, "PrincipalSID": "S-1-5-21-3349808549-1103713970-3947480754-512", "PrincipalType": "Group"}, {"RightName": "WriteOwner", "IsInherited": false, "PrincipalSID": "S-1-5-21-3349808549-1103713970-3947480754-512", "PrincipalType": "Group"}, {"RightName": "WriteDacl", "IsInherited": false, "PrincipalSID": "S-1-5-21-3349808549-1103713970-3947480754-512", "PrincipalType": "Group"}, {"RightName": "GenericAll", "IsInherited": true, "PrincipalSID": "S-1-5-21-3349808549-1103713970-3947480754-519", "PrincipalType": "Group"}, {"RightName": "WriteOwner", "IsInherited": true, "PrincipalSID": "SEVENKINGDOMS.LOCAL-S-1-5-32-544", "PrincipalType": "Group"}, {"RightName": "WriteDacl", "IsInherited": true, "PrincipalSID": "SEVENKINGDOMS.LOCAL-S-1-5-32-544", "PrincipalType": "Group"}], "ChildObjects": []},{"ObjectIdentifier": "6D711B90-B40E-459B-BEC9-5936814BDA86", "Properties": {"domain": "SEVENKINGDOMS.LOCAL", "name": "WINSOCKSERVICES@SEVENKINGDOMS.LOCAL", "distinguishedname": "CN=WINSOCKSERVICES,CN=SYSTEM,DC=SEVENKINGDOMS,DC=LOCAL", "domainsid": "S-1-5-21-3349808549-1103713970-3947480754", "highvalue": false, "description": "", "whencreated": 1748976776, "isaclprotected": false}, "IsDeleted": false, "IsACLProtected": false, "ContainedBy": null, "Aces": [{"RightName": "Owns", "IsInherited": false, "PrincipalSID": "S-1-5-21-3349808549-1103713970-3947480754-512", "PrincipalType": "Group"}, {"RightName": "WriteOwner", "IsInherited": false, "PrincipalSID": "S-1-5-21-3349808549-1103713970-3947480754-512", "PrincipalType": "Group"}, {"RightName": "WriteDacl", "IsInherited": false, "PrincipalSID": "S-1-5-21-3349808549-1103713970-3947480754-512", "PrincipalType": "Group"}, {"RightName": "GenericAll", "IsInherited": true, "PrincipalSID": "S-1-5-21-3349808549-1103713970-3947480754-519", "PrincipalType": "Group"}, {"RightName": "WriteOwner", "IsInherited": true, "PrincipalSID": "SEVENKINGDOMS.LOCAL-S-1-5-32-544", "PrincipalType": "Group"}, {"RightName": "WriteDacl", "IsInherited": true, "PrincipalSID": "SEVENKINGDOMS.LOCAL-S-1-5-32-544", "PrincipalType": "Group"}], "ChildObjects": []},{"ObjectIdentifier": "FD1165D5-6577-4905-9882-438F9BF96356", "Properties": {"domain": "SEVENKINGDOMS.LOCAL", "name": "MANAGED SERVICE ACCOUNTS@SEVENKINGDOMS.LOCAL", "distinguishedname": "CN=MANAGED SERVICE ACCOUNTS,DC=SEVENKINGDOMS,DC=LOCAL", "domainsid": "S-1-5-21-3349808549-1103713970-3947480754", "highvalue": false, "description": "Default container for managed service accounts", "whencreated": 1748976777, "isaclprotected": false}, "IsDeleted": false, "IsACLProtected": false, "ContainedBy": null, "Aces": [{"RightName": "Owns", "IsInherited": false, "PrincipalSID": "S-1-5-21-3349808549-1103713970-3947480754-512", "PrincipalType": "Group"}, {"RightName": "WriteOwner", "IsInherited": false, "PrincipalSID": "S-1-5-21-3349808549-1103713970-3947480754-512", "PrincipalType": "Group"}, {"RightName": "WriteDacl", "IsInherited": false, "PrincipalSID": "S-1-5-21-3349808549-1103713970-3947480754-512", "PrincipalType": "Group"}, {"RightName": "GenericAll", "IsInherited": true, "PrincipalSID": "S-1-5-21-3349808549-1103713970-3947480754-519", "PrincipalType": "Group"}, {"RightName": "WriteOwner", "IsInherited": true, "PrincipalSID": "SEVENKINGDOMS.LOCAL-S-1-5-32-544", "PrincipalType": "Group"}, {"RightName": "WriteDacl", "IsInherited": true, "PrincipalSID": "SEVENKINGDOMS.LOCAL-S-1-5-32-544", "PrincipalType": "Group"}], "ChildObjects": []},{"ObjectIdentifier": "2EBB11FC-5666-4802-99FE-546EAF4D1B76", "Properties": {"domain": "SEVENKINGDOMS.LOCAL", "name": "MICROSOFT@SEVENKINGDOMS.LOCAL", "distinguishedname": "CN=MICROSOFT,CN=PROGRAM DATA,DC=SEVENKINGDOMS,DC=LOCAL", "domainsid": "S-1-5-21-3349808549-1103713970-3947480754", "highvalue": false, "description": "Default location for storage of Microsoft application data.", "whencreated": 1748976777, "isaclprotected": false}, "IsDeleted": false, "IsACLProtected": false, "ContainedBy": null, "Aces": [{"RightName": "Owns", "IsInherited": false, "PrincipalSID": "S-1-5-21-3349808549-1103713970-3947480754-512", "PrincipalType": "Group"}, {"RightName": "GenericAll", "IsInherited": false, "PrincipalSID": "S-1-5-21-3349808549-1103713970-3947480754-512", "PrincipalType": "Group"}, {"RightName": "GenericAll", "IsInherited": true, "PrincipalSID": "S-1-5-21-3349808549-1103713970-3947480754-519", "PrincipalType": "Group"}, {"RightName": "WriteOwner", "IsInherited": true, "PrincipalSID": "SEVENKINGDOMS.LOCAL-S-1-5-32-544", "PrincipalType": "Group"}, {"RightName": "WriteDacl", "IsInherited": true, "PrincipalSID": "SEVENKINGDOMS.LOCAL-S-1-5-32-544", "PrincipalType": "Group"}], "ChildObjects": []},{"ObjectIdentifier": "6D53EA2D-3782-4824-BDED-41123C7D4928", "Properties": {"domain": "SEVENKINGDOMS.LOCAL", "name": "PROGRAM DATA@SEVENKINGDOMS.LOCAL", "distinguishedname": "CN=PROGRAM DATA,DC=SEVENKINGDOMS,DC=LOCAL", "domainsid": "S-1-5-21-3349808549-1103713970-3947480754", "highvalue": false, "description": "Default location for storage of application data.", "whencreated": 1748976777, "isaclprotected": false}, "IsDeleted": false, "IsACLProtected": false, "ContainedBy": null, "Aces": [{"RightName": "Owns", "IsInherited": false, "PrincipalSID": "S-1-5-21-3349808549-1103713970-3947480754-512", "PrincipalType": "Group"}, {"RightName": "GenericAll", "IsInherited": false, "PrincipalSID": "S-1-5-21-3349808549-1103713970-3947480754-512", "PrincipalType": "Group"}, {"RightName": "GenericAll", "IsInherited": true, "PrincipalSID": "S-1-5-21-3349808549-1103713970-3947480754-519", "PrincipalType": "Group"}, {"RightName": "WriteOwner", "IsInherited": true, "PrincipalSID": "SEVENKINGDOMS.LOCAL-S-1-5-32-544", "PrincipalType": "Group"}, {"RightName": "WriteDacl", "IsInherited": true, "PrincipalSID": "SEVENKINGDOMS.LOCAL-S-1-5-32-544", "PrincipalType": "Group"}], "ChildObjects": []},{"ObjectIdentifier": "CF512583-472F-4CE6-9B4A-713814FF28CF", "Properties": {"domain": "SEVENKINGDOMS.LOCAL", "name": "FOREIGNSECURITYPRINCIPALS@SEVENKINGDOMS.LOCAL", "distinguishedname": "CN=FOREIGNSECURITYPRINCIPALS,DC=SEVENKINGDOMS,DC=LOCAL", "domainsid": "S-1-5-21-3349808549-1103713970-3947480754", "highvalue": false, "description": "Default container for security identifiers (SIDs) associated with objects from external, trusted domains", "whencreated": 1748976777, "isaclprotected": false}, "IsDeleted": false, "IsACLProtected": false, "ContainedBy": null, "Aces": [{"RightName": "Owns", "IsInherited": false, "PrincipalSID": "S-1-5-21-3349808549-1103713970-3947480754-512", "PrincipalType": "Group"}, {"RightName": "GenericAll", "IsInherited": false, "PrincipalSID": "S-1-5-21-3349808549-1103713970-3947480754-512", "PrincipalType": "Group"}, {"RightName": "GenericAll", "IsInherited": true, "PrincipalSID": "S-1-5-21-3349808549-1103713970-3947480754-519", "PrincipalType": "Group"}, {"RightName": "WriteOwner", "IsInherited": true, "PrincipalSID": "SEVENKINGDOMS.LOCAL-S-1-5-32-544", "PrincipalType": "Group"}, {"RightName": "WriteDacl", "IsInherited": true, "PrincipalSID": "SEVENKINGDOMS.LOCAL-S-1-5-32-544", "PrincipalType": "Group"}], "ChildObjects": []},{"ObjectIdentifier": "39AE342B-37A6-482A-B968-381E79FF936A", "Properties": {"domain": "SEVENKINGDOMS.LOCAL", "name": "SYSTEM@SEVENKINGDOMS.LOCAL", "distinguishedname": "CN=SYSTEM,DC=SEVENKINGDOMS,DC=LOCAL", "domainsid": "S-1-5-21-3349808549-1103713970-3947480754", "highvalue": false, "description": "Builtin system settings", "whencreated": 1748976776, "isaclprotected": false}, "IsDeleted": false, "IsACLProtected": false, "ContainedBy": null, "Aces": [{"RightName": "Owns", "IsInherited": false, "PrincipalSID": "S-1-5-21-3349808549-1103713970-3947480754-512", "PrincipalType": "Group"}, {"RightName": "WriteOwner", "IsInherited": false, "PrincipalSID": "S-1-5-21-3349808549-1103713970-3947480754-512", "PrincipalType": "Group"}, {"RightName": "WriteDacl", "IsInherited": false, "PrincipalSID": "S-1-5-21-3349808549-1103713970-3947480754-512", "PrincipalType": "Group"}, {"RightName": "GenericAll", "IsInherited": true, "PrincipalSID": "S-1-5-21-3349808549-1103713970-3947480754-519", "PrincipalType": "Group"}, {"RightName": "WriteOwner", "IsInherited": true, "PrincipalSID": "SEVENKINGDOMS.LOCAL-S-1-5-32-544", "PrincipalType": "Group"}, {"RightName": "WriteDacl", "IsInherited": true, "PrincipalSID": "SEVENKINGDOMS.LOCAL-S-1-5-32-544", "PrincipalType": "Group"}], "ChildObjects": []},{"ObjectIdentifier": "A3F934D9-8E35-461A-831F-D3D2754A4DAE", "Properties": {"domain": "SEVENKINGDOMS.LOCAL", "name": "COMPUTERS@SEVENKINGDOMS.LOCAL", "distinguishedname": "CN=COMPUTERS,DC=SEVENKINGDOMS,DC=LOCAL", "domainsid": "S-1-5-21-3349808549-1103713970-3947480754", "highvalue": false, "description": "Default container for upgraded computer accounts", "whencreated": 1748976776, "isaclprotected": false}, "IsDeleted": false, "IsACLProtected": false, "ContainedBy": null, "Aces": [{"RightName": "Owns", "IsInherited": false, "PrincipalSID": "S-1-5-21-3349808549-1103713970-3947480754-512", "PrincipalType": "Group"}, {"RightName": "WriteOwner", "IsInherited": false, "PrincipalSID": "S-1-5-21-3349808549-1103713970-3947480754-512", "PrincipalType": "Group"}, {"RightName": "WriteDacl", "IsInherited": false, "PrincipalSID": "S-1-5-21-3349808549-1103713970-3947480754-512", "PrincipalType": "Group"}, {"RightName": "GenericAll", "IsInherited": true, "PrincipalSID": "S-1-5-21-3349808549-1103713970-3947480754-519", "PrincipalType": "Group"}, {"RightName": "WriteOwner", "IsInherited": true, "PrincipalSID": "SEVENKINGDOMS.LOCAL-S-1-5-32-544", "PrincipalType": "Group"}, {"RightName": "WriteDacl", "IsInherited": true, "PrincipalSID": "SEVENKINGDOMS.LOCAL-S-1-5-32-544", "PrincipalType": "Group"}], "ChildObjects": []},{"ObjectIdentifier": "7A4767CC-0AB8-408F-8178-0522E5C3A751", "Properties": {"domain": "SEVENKINGDOMS.LOCAL", "name": "USERS@SEVENKINGDOMS.LOCAL", "distinguishedname": "CN=USERS,DC=SEVENKINGDOMS,DC=LOCAL", "domainsid": "S-1-5-21-3349808549-1103713970-3947480754", "highvalue": false, "description": "Default container for upgraded user accounts", "whencreated": 1748976776, "isaclprotected": false}, "IsDeleted": false, "IsACLProtected": false, "ContainedBy": null, "Aces": [{"RightName": "Owns", "IsInherited": false, "PrincipalSID": "S-1-5-21-3349808549-1103713970-3947480754-512", "PrincipalType": "Group"}, {"RightName": "WriteOwner", "IsInherited": false, "PrincipalSID": "S-1-5-21-3349808549-1103713970-3947480754-512", "PrincipalType": "Group"}, {"RightName": "WriteDacl", "IsInherited": false, "PrincipalSID": "S-1-5-21-3349808549-1103713970-3947480754-512", "PrincipalType": "Group"}, {"RightName": "GenericAll", "IsInherited": true, "PrincipalSID": "S-1-5-21-3349808549-1103713970-3947480754-519", "PrincipalType": "Group"}, {"RightName": "WriteOwner", "IsInherited": true, "PrincipalSID": "SEVENKINGDOMS.LOCAL-S-1-5-32-544", "PrincipalType": "Group"}, {"RightName": "WriteDacl", "IsInherited": true, "PrincipalSID": "SEVENKINGDOMS.LOCAL-S-1-5-32-544", "PrincipalType": "Group"}], "ChildObjects": [{"ObjectIdentifier": "S-1-5-21-3349808549-1103713970-3947480754-1000", "ObjectType": "User"}, {"ObjectIdentifier": "S-1-5-21-3349808549-1103713970-3947480754-518", "ObjectType": "Group"}, {"ObjectIdentifier": "S-1-5-21-3349808549-1103713970-3947480754-521", "ObjectType": "Group"}, {"ObjectIdentifier": "S-1-5-21-3349808549-1103713970-3947480754-553", "ObjectType": "Group"}, {"ObjectIdentifier": "S-1-5-21-3349808549-1103713970-3947480754-525", "ObjectType": "Group"}, {"ObjectIdentifier": "S-1-5-21-3349808549-1103713970-3947480754-1104", "ObjectType": "trustaccount"}, {"ObjectIdentifier": "S-1-5-21-3349808549-1103713970-3947480754-502", "ObjectType": "User"}, {"ObjectIdentifier": "S-1-5-21-3349808549-1103713970-3947480754-526", "ObjectType": "Group"}, {"ObjectIdentifier": "S-1-5-21-3349808549-1103713970-3947480754-501", "ObjectType": "User"}, {"ObjectIdentifier": "S-1-5-21-3349808549-1103713970-3947480754-520", "ObjectType": "Group"}, {"ObjectIdentifier": "S-1-5-21-3349808549-1103713970-3947480754-1105", "ObjectType": "trustaccount"}, {"ObjectIdentifier": "S-1-5-21-3349808549-1103713970-3947480754-498", "ObjectType": "Group"}, {"ObjectIdentifier": "S-1-5-21-3349808549-1103713970-3947480754-527", "ObjectType": "Group"}, {"ObjectIdentifier": "S-1-5-21-3349808549-1103713970-3947480754-519", "ObjectType": "Group"}, {"ObjectIdentifier": "S-1-5-21-3349808549-1103713970-3947480754-513", "ObjectType": "Group"}, {"ObjectIdentifier": "S-1-5-21-3349808549-1103713970-3947480754-514", "ObjectType": "Group"}, {"ObjectIdentifier": "S-1-5-21-3349808549-1103713970-3947480754-516", "ObjectType": "Group"}, {"ObjectIdentifier": "S-1-5-21-3349808549-1103713970-3947480754-515", "ObjectType": "Group"}, {"ObjectIdentifier": "S-1-5-21-3349808549-1103713970-3947480754-512", "ObjectType": "Group"}, {"ObjectIdentifier": "S-1-5-21-3349808549-1103713970-3947480754-1103", "ObjectType": "Group"}, {"ObjectIdentifier": "S-1-5-21-3349808549-1103713970-3947480754-1102", "ObjectType": "Group"}, {"ObjectIdentifier": "S-1-5-21-3349808549-1103713970-3947480754-572", "ObjectType": "Group"}, {"ObjectIdentifier": "S-1-5-21-3349808549-1103713970-3947480754-522", "ObjectType": "Group"}, {"ObjectIdentifier": "S-1-5-21-3349808549-1103713970-3947480754-517", "ObjectType": "Group"}, {"ObjectIdentifier": "S-1-5-21-3349808549-1103713970-3947480754-571", "ObjectType": "Group"}, {"ObjectIdentifier": "S-1-5-21-3349808549-1103713970-3947480754-500", "ObjectType": "User"}, {"ObjectIdentifier": "S-1-5-21-3349808549-1103713970-3947480754-1112", "ObjectType": "Group"}]}],"meta":{"methods":0,"type":"containers","count":19, "version":6}}