{"data":[{"ObjectIdentifier": "S-1-5-21-3349808549-1103713970-3947480754-1001", "AllowedToAct": [], "PrimaryGroupSID": "S-1-5-21-3349808549-1103713970-3947480754-516", "ContainedBy": null, "DumpSMSAPassword": [], "Properties": {"name": "KINGSLANDING.SEVENKINGDOMS.LOCAL", "domainsid": "S-1-5-21-3349808549-1103713970-3947480754", "domain": "SEVENKINGDOMS.LOCAL", "highvalue": false, "distinguishedname": "CN=KINGSLANDING,OU=DOMAIN CONTROLLERS,DC=SEVENKINGDOMS,DC=LOCAL", "unconstraineddelegation": true, "enabled": true, "trustedtoauth": false, "samaccountname": "KINGSLANDING$", "haslaps": false, "lastlogon": 1759211830, "lastlogontimestamp": 1758723014, "pwdlastset": 1758722998, "whencreated": 1748977115, "serviceprincipalnames": ["Dfsr-12F9A27C-BF97-4787-9364-D31B6C55EB04/kingslanding.sevenkingdoms.local", "ldap/kingslanding.sevenkingdoms.local/ForestDnsZones.sevenkingdoms.local", "ldap/kingslanding.sevenkingdoms.local/DomainDnsZones.sevenkingdoms.local", "TERMSRV/KINGSLANDING", "TERMSRV/kingslanding.sevenkingdoms.local", "DNS/kingslanding.sevenkingdoms.local", "GC/kingslanding.sevenkingdoms.local/sevenkingdoms.local", "RestrictedKrbHost/kingslanding.sevenkingdoms.local", "RestrictedKrbHost/KINGSLANDING", "RPC/d960cf5a-bc1a-4c1a-9d3a-e70ecb919fb7._msdcs.sevenkingdoms.local", "HOST/KINGSLANDING/SEVENKINGDOMS", "HOST/kingslanding.sevenkingdoms.local/SEVENKINGDOMS", "HOST/KINGSLANDING", "HOST/kingslanding.sevenkingdoms.local", "HOST/kingslanding.sevenkingdoms.local/sevenkingdoms.local", "E3514235-4B06-11D1-AB04-00C04FC2DCD2/d960cf5a-bc1a-4c1a-9d3a-e70ecb919fb7/sevenkingdoms.local", "ldap/KINGSLANDING/SEVENKINGDOMS", "ldap/d960cf5a-bc1a-4c1a-9d3a-e70ecb919fb7._msdcs.sevenkingdoms.local", "ldap/kingslanding.sevenkingdoms.local/SEVENKINGDOMS", "ldap/KINGSLANDING", "ldap/kingslanding.sevenkingdoms.local", "ldap/kingslanding.sevenkingdoms.local/sevenkingdoms.local"], "description": null, "operatingsystem": "Windows Server 2019 Datacenter Evaluation", "sidhistory": [], "isaclprotected": false}, "LocalGroups": [], "UserRights": [], "AllowedToDelegate": [], "Sessions": {"Collected": true, "FailureReason": null, "Results": []}, "PrivilegedSessions": {"Collected": false, "FailureReason": null, "Results": []}, "RegistrySessions": {"Collected": false, "FailureReason": null, "Results": []}, "Aces": [{"RightName": "Owns", "IsInherited": false, "PrincipalSID": "S-1-5-21-3349808549-1103713970-3947480754-512", "PrincipalType": "Group"}, {"RightName": "GenericAll", "IsInherited": false, "PrincipalSID": "S-1-5-21-3349808549-1103713970-3947480754-512", "PrincipalType": "Group"}, {"RightName": "GenericAll", "IsInherited": false, "PrincipalSID": "S-1-5-21-3349808549-1103713970-3947480754-1112", "PrincipalType": "Group"}, {"RightName": "GenericAll", "IsInherited": false, "PrincipalSID": "S-1-5-21-3349808549-1103713970-3947480754-1120", "PrincipalType": "User"}, {"RightName": "AddKeyCredentialLink", "IsInherited": true, "PrincipalSID": "S-1-5-21-3349808549-1103713970-3947480754-526", "PrincipalType": "Group"}, {"RightName": "AddKeyCredentialLink", "IsInherited": true, "PrincipalSID": "S-1-5-21-3349808549-1103713970-3947480754-527", "PrincipalType": "Group"}, {"RightName": "GenericAll", "IsInherited": true, "PrincipalSID": "S-1-5-21-3349808549-1103713970-3947480754-519", "PrincipalType": "Group"}, {"RightName": "GenericWrite", "IsInherited": true, "PrincipalSID": "SEVENKINGDOMS.LOCAL-S-1-5-32-544", "PrincipalType": "Group"}, {"RightName": "WriteOwner", "IsInherited": true, "PrincipalSID": "SEVENKINGDOMS.LOCAL-S-1-5-32-544", "PrincipalType": "Group"}, {"RightName": "WriteDacl", "IsInherited": true, "PrincipalSID": "SEVENKINGDOMS.LOCAL-S-1-5-32-544", "PrincipalType": "Group"}], "HasSIDHistory": [], "IsDeleted": false, "Status": null, "IsACLProtected": false}],"meta":{"methods":0,"type":"computers","count":1, "version":6}}