{"data":[{"ObjectIdentifier": "F6330295-045C-4F24-A0AA-5835E497B4EB", "Properties": {"domain": "SEVENKINGDOMS.LOCAL", "name": "DORNE@SEVENKINGDOMS.LOCAL", "distinguishedname": "OU=DORNE,DC=SEVENKINGDOMS,DC=LOCAL", "domainsid": "S-1-5-21-3349808549-1103713970-3947480754", "highvalue": false, "blocksinheritance": false, "description": null, "whencreated": 1748979043, "isaclprotected": false}, "IsDeleted": false, "IsACLProtected": false, "Aces": [{"RightName": "GenericAll", "IsInherited": false, "PrincipalSID": "S-1-5-21-3349808549-1103713970-3947480754-512", "PrincipalType": "Group"}, {"RightName": "GenericAll", "IsInherited": true, "PrincipalSID": "S-1-5-21-3349808549-1103713970-3947480754-519", "PrincipalType": "Group"}, {"RightName": "GenericWrite", "IsInherited": true, "PrincipalSID": "SEVENKINGDOMS.LOCAL-S-1-5-32-544", "PrincipalType": "Group"}, {"RightName": "WriteOwner", "IsInherited": true, "PrincipalSID": "SEVENKINGDOMS.LOCAL-S-1-5-32-544", "PrincipalType": "Group"}, {"RightName": "WriteDacl", "IsInherited": true, "PrincipalSID": "SEVENKINGDOMS.LOCAL-S-1-5-32-544", "PrincipalType": "Group"}], "Links": [], "ChildObjects": [], "GPOChanges": {"AffectedComputers": [], "DcomUsers": [], "LocalAdmins": [], "PSRemoteUsers": [], "RemoteDesktopUsers": []}},{"ObjectIdentifier": "9D71DFA2-E96C-491C-BF80-5B68DC461576", "Properties": {"domain": "SEVENKINGDOMS.LOCAL", "name": "REACH@SEVENKINGDOMS.LOCAL", "distinguishedname": "OU=REACH,DC=SEVENKINGDOMS,DC=LOCAL", "domainsid": "S-1-5-21-3349808549-1103713970-3947480754", "highvalue": false, "blocksinheritance": false, "description": null, "whencreated": 1748979038, "isaclprotected": false}, "IsDeleted": false, "IsACLProtected": false, "Aces": [{"RightName": "GenericAll", "IsInherited": false, "PrincipalSID": "S-1-5-21-3349808549-1103713970-3947480754-512", "PrincipalType": "Group"}, {"RightName": "GenericAll", "IsInherited": true, "PrincipalSID": "S-1-5-21-3349808549-1103713970-3947480754-519", "PrincipalType": "Group"}, {"RightName": "GenericWrite", "IsInherited": true, "PrincipalSID": "SEVENKINGDOMS.LOCAL-S-1-5-32-544", "PrincipalType": "Group"}, {"RightName": "WriteOwner", "IsInherited": true, "PrincipalSID": "SEVENKINGDOMS.LOCAL-S-1-5-32-544", "PrincipalType": "Group"}, {"RightName": "WriteDacl", "IsInherited": true, "PrincipalSID": "SEVENKINGDOMS.LOCAL-S-1-5-32-544", "PrincipalType": "Group"}], "Links": [], "ChildObjects": [], "GPOChanges": {"AffectedComputers": [], "DcomUsers": [], "LocalAdmins": [], "PSRemoteUsers": [], "RemoteDesktopUsers": []}},{"ObjectIdentifier": "66FE56FD-1749-4DB0-B7A0-8ACCDA88AE43", "Properties": {"domain": "SEVENKINGDOMS.LOCAL", "name": "WESTERLANDS@SEVENKINGDOMS.LOCAL", "distinguishedname": "OU=WESTERLANDS,DC=SEVENKINGDOMS,DC=LOCAL", "domainsid": "S-1-5-21-3349808549-1103713970-3947480754", "highvalue": false, "blocksinheritance": false, "description": null, "whencreated": 1748979034, "isaclprotected": false}, "IsDeleted": false, "IsACLProtected": false, "Aces": [{"RightName": "GenericAll", "IsInherited": false, "PrincipalSID": "S-1-5-21-3349808549-1103713970-3947480754-512", "PrincipalType": "Group"}, {"RightName": "GenericAll", "IsInherited": true, "PrincipalSID": "S-1-5-21-3349808549-1103713970-3947480754-519", "PrincipalType": "Group"}, {"RightName": "GenericWrite", "IsInherited": true, "PrincipalSID": "SEVENKINGDOMS.LOCAL-S-1-5-32-544", "PrincipalType": "Group"}, {"RightName": "WriteOwner", "IsInherited": true, "PrincipalSID": "SEVENKINGDOMS.LOCAL-S-1-5-32-544", "PrincipalType": "Group"}, {"RightName": "WriteDacl", "IsInherited": true, "PrincipalSID": "SEVENKINGDOMS.LOCAL-S-1-5-32-544", "PrincipalType": "Group"}], "Links": [], "ChildObjects": [{"ObjectIdentifier": "S-1-5-21-3349808549-1103713970-3947480754-1116", "ObjectType": "User"}, {"ObjectIdentifier": "S-1-5-21-3349808549-1103713970-3947480754-1106", "ObjectType": "Group"}], "GPOChanges": {"AffectedComputers": [], "DcomUsers": [], "LocalAdmins": [], "PSRemoteUsers": [], "RemoteDesktopUsers": []}},{"ObjectIdentifier": "ED6EB279-9478-4F57-8649-E1B422095E29", "Properties": {"domain": "SEVENKINGDOMS.LOCAL", "name": "STORMLANDS@SEVENKINGDOMS.LOCAL", "distinguishedname": "OU=STORMLANDS,DC=SEVENKINGDOMS,DC=LOCAL", "domainsid": "S-1-5-21-3349808549-1103713970-3947480754", "highvalue": false, "blocksinheritance": false, "description": null, "whencreated": 1748979029, "isaclprotected": false}, "IsDeleted": false, "IsACLProtected": false, "Aces": [{"RightName": "GenericAll", "IsInherited": false, "PrincipalSID": "S-1-5-21-3349808549-1103713970-3947480754-512", "PrincipalType": "Group"}, {"RightName": "GenericAll", "IsInherited": true, "PrincipalSID": "S-1-5-21-3349808549-1103713970-3947480754-519", "PrincipalType": "Group"}, {"RightName": "GenericWrite", "IsInherited": true, "PrincipalSID": "SEVENKINGDOMS.LOCAL-S-1-5-32-544", "PrincipalType": "Group"}, {"RightName": "WriteOwner", "IsInherited": true, "PrincipalSID": "SEVENKINGDOMS.LOCAL-S-1-5-32-544", "PrincipalType": "Group"}, {"RightName": "WriteDacl", "IsInherited": true, "PrincipalSID": "SEVENKINGDOMS.LOCAL-S-1-5-32-544", "PrincipalType": "Group"}], "Links": [], "ChildObjects": [{"ObjectIdentifier": "S-1-5-21-3349808549-1103713970-3947480754-1107", "ObjectType": "Group"}], "GPOChanges": {"AffectedComputers": [], "DcomUsers": [], "LocalAdmins": [], "PSRemoteUsers": [], "RemoteDesktopUsers": []}},{"ObjectIdentifier": "8BCDED5E-796F-4154-B961-F199516ADEDE", "Properties": {"domain": "SEVENKINGDOMS.LOCAL", "name": "CROWNLANDS@SEVENKINGDOMS.LOCAL", "distinguishedname": "OU=CROWNLANDS,DC=SEVENKINGDOMS,DC=LOCAL", "domainsid": "S-1-5-21-3349808549-1103713970-3947480754", "highvalue": false, "blocksinheritance": false, "description": null, "whencreated": 1748979024, "isaclprotected": false}, "IsDeleted": false, "IsACLProtected": false, "Aces": [{"RightName": "WriteDacl", "IsInherited": false, "PrincipalSID": "S-1-5-21-3349808549-1103713970-3947480754-1119", "PrincipalType": "User"}, {"RightName": "GenericAll", "IsInherited": false, "PrincipalSID": "S-1-5-21-3349808549-1103713970-3947480754-512", "PrincipalType": "Group"}, {"RightName": "GenericAll", "IsInherited": true, "PrincipalSID": "S-1-5-21-3349808549-1103713970-3947480754-519", "PrincipalType": "Group"}, {"RightName": "GenericWrite", "IsInherited": true, "PrincipalSID": "SEVENKINGDOMS.LOCAL-S-1-5-32-544", "PrincipalType": "Group"}, {"RightName": "WriteOwner", "IsInherited": true, "PrincipalSID": "SEVENKINGDOMS.LOCAL-S-1-5-32-544", "PrincipalType": "Group"}, {"RightName": "WriteDacl", "IsInherited": true, "PrincipalSID": "SEVENKINGDOMS.LOCAL-S-1-5-32-544", "PrincipalType": "Group"}], "Links": [], "ChildObjects": [{"ObjectIdentifier": "S-1-5-21-3349808549-1103713970-3947480754-1113", "ObjectType": "User"}, {"ObjectIdentifier": "S-1-5-21-3349808549-1103713970-3947480754-1120", "ObjectType": "User"}, {"ObjectIdentifier": "S-1-5-21-3349808549-1103713970-3947480754-1108", "ObjectType": "Group"}, {"ObjectIdentifier": "S-1-5-21-3349808549-1103713970-3947480754-1117", "ObjectType": "User"}, {"ObjectIdentifier": "S-1-5-21-3349808549-1103713970-3947480754-1119", "ObjectType": "User"}, {"ObjectIdentifier": "S-1-5-21-3349808549-1103713970-3947480754-1121", "ObjectType": "User"}, {"ObjectIdentifier": "S-1-5-21-3349808549-1103713970-3947480754-1123", "ObjectType": "User"}, {"ObjectIdentifier": "S-1-5-21-3349808549-1103713970-3947480754-1122", "ObjectType": "User"}, {"ObjectIdentifier": "S-1-5-21-3349808549-1103713970-3947480754-1110", "ObjectType": "Group"}, {"ObjectIdentifier": "S-1-5-21-3349808549-1103713970-3947480754-1118", "ObjectType": "User"}, {"ObjectIdentifier": "S-1-5-21-3349808549-1103713970-3947480754-1114", "ObjectType": "User"}, {"ObjectIdentifier": "S-1-5-21-3349808549-1103713970-3947480754-1109", "ObjectType": "Group"}, {"ObjectIdentifier": "S-1-5-21-3349808549-1103713970-3947480754-1111", "ObjectType": "Group"}, {"ObjectIdentifier": "S-1-5-21-3349808549-1103713970-3947480754-1115", "ObjectType": "User"}], "GPOChanges": {"AffectedComputers": [], "DcomUsers": [], "LocalAdmins": [], "PSRemoteUsers": [], "RemoteDesktopUsers": []}},{"ObjectIdentifier": "448FB9B5-0CEB-4BF4-A2E6-EBAAEA0F289D", "Properties": {"domain": "SEVENKINGDOMS.LOCAL", "name": "RIVERLANDS@SEVENKINGDOMS.LOCAL", "distinguishedname": "OU=RIVERLANDS,DC=SEVENKINGDOMS,DC=LOCAL", "domainsid": "S-1-5-21-3349808549-1103713970-3947480754", "highvalue": false, "blocksinheritance": false, "description": null, "whencreated": 1748979020, "isaclprotected": false}, "IsDeleted": false, "IsACLProtected": false, "Aces": [{"RightName": "GenericAll", "IsInherited": false, "PrincipalSID": "S-1-5-21-3349808549-1103713970-3947480754-512", "PrincipalType": "Group"}, {"RightName": "GenericAll", "IsInherited": true, "PrincipalSID": "S-1-5-21-3349808549-1103713970-3947480754-519", "PrincipalType": "Group"}, {"RightName": "GenericWrite", "IsInherited": true, "PrincipalSID": "SEVENKINGDOMS.LOCAL-S-1-5-32-544", "PrincipalType": "Group"}, {"RightName": "WriteOwner", "IsInherited": true, "PrincipalSID": "SEVENKINGDOMS.LOCAL-S-1-5-32-544", "PrincipalType": "Group"}, {"RightName": "WriteDacl", "IsInherited": true, "PrincipalSID": "SEVENKINGDOMS.LOCAL-S-1-5-32-544", "PrincipalType": "Group"}], "Links": [], "ChildObjects": [], "GPOChanges": {"AffectedComputers": [], "DcomUsers": [], "LocalAdmins": [], "PSRemoteUsers": [], "RemoteDesktopUsers": []}},{"ObjectIdentifier": "D28BD69F-E2CA-496F-ADFD-C0E7C20FF86F", "Properties": {"domain": "SEVENKINGDOMS.LOCAL", "name": "IRONISLANDS@SEVENKINGDOMS.LOCAL", "distinguishedname": "OU=IRONISLANDS,DC=SEVENKINGDOMS,DC=LOCAL", "domainsid": "S-1-5-21-3349808549-1103713970-3947480754", "highvalue": false, "blocksinheritance": false, "description": null, "whencreated": 1748979015, "isaclprotected": false}, "IsDeleted": false, "IsACLProtected": false, "Aces": [{"RightName": "GenericAll", "IsInherited": false, "PrincipalSID": "S-1-5-21-3349808549-1103713970-3947480754-512", "PrincipalType": "Group"}, {"RightName": "GenericAll", "IsInherited": true, "PrincipalSID": "S-1-5-21-3349808549-1103713970-3947480754-519", "PrincipalType": "Group"}, {"RightName": "GenericWrite", "IsInherited": true, "PrincipalSID": "SEVENKINGDOMS.LOCAL-S-1-5-32-544", "PrincipalType": "Group"}, {"RightName": "WriteOwner", "IsInherited": true, "PrincipalSID": "SEVENKINGDOMS.LOCAL-S-1-5-32-544", "PrincipalType": "Group"}, {"RightName": "WriteDacl", "IsInherited": true, "PrincipalSID": "SEVENKINGDOMS.LOCAL-S-1-5-32-544", "PrincipalType": "Group"}], "Links": [], "ChildObjects": [], "GPOChanges": {"AffectedComputers": [], "DcomUsers": [], "LocalAdmins": [], "PSRemoteUsers": [], "RemoteDesktopUsers": []}},{"ObjectIdentifier": "5D1090CB-C82B-4C14-8168-149198A7397D", "Properties": {"domain": "SEVENKINGDOMS.LOCAL", "name": "VALE@SEVENKINGDOMS.LOCAL", "distinguishedname": "OU=VALE,DC=SEVENKINGDOMS,DC=LOCAL", "domainsid": "S-1-5-21-3349808549-1103713970-3947480754", "highvalue": false, "blocksinheritance": false, "description": null, "whencreated": 1748979010, "isaclprotected": false}, "IsDeleted": false, "IsACLProtected": false, "Aces": [{"RightName": "GenericAll", "IsInherited": false, "PrincipalSID": "S-1-5-21-3349808549-1103713970-3947480754-512", "PrincipalType": "Group"}, {"RightName": "GenericAll", "IsInherited": true, "PrincipalSID": "S-1-5-21-3349808549-1103713970-3947480754-519", "PrincipalType": "Group"}, {"RightName": "GenericWrite", "IsInherited": true, "PrincipalSID": "SEVENKINGDOMS.LOCAL-S-1-5-32-544", "PrincipalType": "Group"}, {"RightName": "WriteOwner", "IsInherited": true, "PrincipalSID": "SEVENKINGDOMS.LOCAL-S-1-5-32-544", "PrincipalType": "Group"}, {"RightName": "WriteDacl", "IsInherited": true, "PrincipalSID": "SEVENKINGDOMS.LOCAL-S-1-5-32-544", "PrincipalType": "Group"}], "Links": [], "ChildObjects": [], "GPOChanges": {"AffectedComputers": [], "DcomUsers": [], "LocalAdmins": [], "PSRemoteUsers": [], "RemoteDesktopUsers": []}},{"ObjectIdentifier": "04F8CC0A-C2A8-4853-9777-B075F0B562CF", "Properties": {"domain": "SEVENKINGDOMS.LOCAL", "name": "DOMAIN CONTROLLERS@SEVENKINGDOMS.LOCAL", "distinguishedname": "OU=DOMAIN CONTROLLERS,DC=SEVENKINGDOMS,DC=LOCAL", "domainsid": "S-1-5-21-3349808549-1103713970-3947480754", "highvalue": false, "blocksinheritance": false, "description": "Default container for domain controllers", "whencreated": 1748976777, "isaclprotected": false}, "IsDeleted": false, "IsACLProtected": false, "Aces": [{"RightName": "Owns", "IsInherited": false, "PrincipalSID": "S-1-5-21-3349808549-1103713970-3947480754-512", "PrincipalType": "Group"}, {"RightName": "GenericWrite", "IsInherited": false, "PrincipalSID": "S-1-5-21-3349808549-1103713970-3947480754-512", "PrincipalType": "Group"}, {"RightName": "WriteOwner", "IsInherited": false, "PrincipalSID": "S-1-5-21-3349808549-1103713970-3947480754-512", "PrincipalType": "Group"}, {"RightName": "WriteDacl", "IsInherited": false, "PrincipalSID": "S-1-5-21-3349808549-1103713970-3947480754-512", "PrincipalType": "Group"}, {"RightName": "GenericAll", "IsInherited": true, "PrincipalSID": "S-1-5-21-3349808549-1103713970-3947480754-519", "PrincipalType": "Group"}, {"RightName": "GenericWrite", "IsInherited": true, "PrincipalSID": "SEVENKINGDOMS.LOCAL-S-1-5-32-544", "PrincipalType": "Group"}, {"RightName": "WriteOwner", "IsInherited": true, "PrincipalSID": "SEVENKINGDOMS.LOCAL-S-1-5-32-544", "PrincipalType": "Group"}, {"RightName": "WriteDacl", "IsInherited": true, "PrincipalSID": "SEVENKINGDOMS.LOCAL-S-1-5-32-544", "PrincipalType": "Group"}], "Links": [{"IsEnforced": false, "GUID": "17B619D9-18A5-410A-AF19-E77B07E4D0EF"}], "ChildObjects": [{"ObjectIdentifier": "S-1-5-21-3349808549-1103713970-3947480754-1001", "ObjectType": "Computer"}], "GPOChanges": {"AffectedComputers": [], "DcomUsers": [], "LocalAdmins": [], "PSRemoteUsers": [], "RemoteDesktopUsers": []}}],"meta":{"methods":0,"type":"ous","count":9, "version":6}}